   ---   34   cards of disk file read into card cache cells  1   onward.
 <===> Done with  "/"-card sorting by data class.    Remember that the source file appears different from interpreted input data.
Alternative Transients Program (ATP),  F77 GNU Linux or DOS.  All rights reserved by Can/Am user group of Portland, Oregon, USA.
 Date (dd-mth-yy) and time of day (hh.mm.ss) = 11-Nov-18  11.00.00    Name of disk plot file, if any, is
Consult the 860-page ATP Rule Book of the Can/Am EMTP User Group in Portland,  Oregon, USA.  Source code date is
Total size of LABCOM tables = 16446853 INTEGER words.  31 VARDIM  List Sizes follow:  6002  10K  192K  900  420K  1200  15K
  120K  2250  3800  720  2K  72800  510  800K  800  90  254  800K  100K  3K  15K  192K  120  45K  260K  600  210K  1100  19  200K
--------------------------------------------------+--------------------------------------------------------------------------------
Descriptive interpretation of input data cards.   |  Input data card images are shown below, all 80 columns, character by character
                                                  0         1         2         3         4         5         6         7         8
                                                  012345678901234567890123456789012345678901234567890123456789012345678901234567890
--------------------------------------------------+--------------------------------------------------------------------------------
Comment card.   KOMPAR > 0.                       |C data:caso0_Otimizada_SemControle.atp
Marker card preceding new EMTP data case.         |BEGIN NEW DATA CASE
Comment card.   KOMPAR > 0.                       |C $DUMMY, XYZ000
Misc. data.     1.000E-06   2.000E-01   0.000E+00 |   1.E-6      .2
Misc. data.  500  1  0  0  1  0  0  1  300  0     |     500       1       0       0       1       0       0       1     300
Statistics data.      1    1    0    0    1    0  |       1       1       0       0       1      -1                               0
Series R-L-C.   5.000E+00  7.500E-02  0.000E+00   |  X0001AX0004A                5.   75.                                         0
Series R-L-C.   5.000E+00  7.500E-02  0.000E+00   |  X0001BX0004B                5.   75.                                         0
Series R-L-C.   5.000E+00  7.500E-02  0.000E+00   |  X0001CX0004C                5.   75.                                         0
Series R-L-C.   2.000E+02  0.000E+00  0.000E+00   |  X0004AX0001A              200.                                               0
Series R-L-C.   2.000E+02  0.000E+00  0.000E+00   |  X0004BX0001B              200.                                               0
Series R-L-C.   2.000E+02  0.000E+00  0.000E+00   |  X0004CX0001C              200.                                               0
Dynamic $INCLUDE uses fixed RAM cache to delay.   |$INSERT, C:\SimulacaoATP\OTIM1.pch
J. Marti line, mode  1   parameters begin.        |-1X0002AX0003A                2.  0.00              -2
J. Marti line, mode  2   parameters begin.        |-2X0002BX0003B                2.  0.00              -2
J. Marti line, mode  3   parameters begin.        |-3X0002CX0003C                2.  0.00              -2
Blank card ending branches.  IBR, NTOT = 9  13    |BLANK BRANCH
Switch.   1.30E-02  1.00E-03  0.00E+00  0.00E+00  |  X0001BX0002B      .013      .001                    STATISTICS               0
Switch.   1.30E-02  1.00E-03  0.00E+00  0.00E+00  |  X0001AX0002A      .013      .001                    STATISTICS               0
Switch.   1.30E-02  1.00E-03  0.00E+00  0.00E+00  |  X0001CX0002C      .013      .001                    STATISTICS               0
Blank card ending switches.   KSWTCH = 3.         |BLANK SWITCH
Source.   4.29E+05  6.00E+01  0.00E+00 -1.00E+00  |14X0004A  428660.705       60.                                     -1.      100.
Source.   4.29E+05  6.00E+01 -1.20E+02 -1.00E+00  |14X0004B  428660.705       60.     -120.                           -1.      100.
Source.   4.29E+05  6.00E+01 -2.40E+02 -1.00E+00  |14X0004C  428660.705       60.     -240.                           -1.      100.
Blank card ends electric sources.  KCONST = 3     |BLANK SOURCE

     Total network loss  P-loss  by summing injections =   9.928752290051E-23

Card of names for time-step loop output.          |  X0003AX0003BX0003C
Output voltage differences for pairs of A6 names  |-5X0003BX0003CX0003AX0003BX0003CX0003A
Blank card ending requests for output variables.  |BLANK OUTPUT

Column headings for the  6   EMTP output variables follow.  These are divided among the 5 possible classes as follows ....
  First  6     output variables are electric-network voltage differences (upper voltage minus lower voltage);
   Step      Time      X0003A     X0003B     X0003C     X0003B     X0003A     X0003C
                                                        X0003C     X0003B     X0003A
      0       0.0         0.0        0.0        0.0        0.0        0.0        0.0
    500     .5E-3         0.0        0.0        0.0        0.0        0.0        0.0
   1000     .1E-2         0.0        0.0        0.0        0.0        0.0        0.0
   1500     .0015         0.0        0.0        0.0        0.0        0.0        0.0
   2000      .002         0.0        0.0        0.0        0.0        0.0        0.0
   2500     .0025         0.0        0.0        0.0        0.0        0.0        0.0
   3000      .003         0.0        0.0        0.0        0.0        0.0        0.0
   3500     .0035         0.0        0.0        0.0        0.0        0.0        0.0
   4000      .004         0.0        0.0        0.0        0.0        0.0        0.0
   4500     .0045         0.0        0.0        0.0        0.0        0.0        0.0
   5000      .005         0.0        0.0        0.0        0.0        0.0        0.0
   5500     .0055         0.0        0.0        0.0        0.0        0.0        0.0
   6000      .006         0.0        0.0        0.0        0.0        0.0        0.0
   6500     .0065         0.0        0.0        0.0        0.0        0.0        0.0
   7000      .007         0.0        0.0        0.0        0.0        0.0        0.0
   7500     .0075         0.0        0.0        0.0        0.0        0.0        0.0
   8000      .008         0.0        0.0        0.0        0.0        0.0        0.0
   8500     .0085         0.0        0.0        0.0        0.0        0.0        0.0
   9000      .009         0.0        0.0        0.0        0.0        0.0        0.0
   9500     .0095         0.0        0.0        0.0        0.0        0.0        0.0
  10000       .01         0.0        0.0        0.0        0.0        0.0        0.0
  10500     .0105         0.0        0.0        0.0        0.0        0.0        0.0
  11000      .011         0.0        0.0        0.0        0.0        0.0        0.0
  11500     .0115         0.0        0.0        0.0        0.0        0.0        0.0
  12000      .012         0.0        0.0        0.0        0.0        0.0        0.0
  12500     .0125         0.0        0.0        0.0        0.0        0.0        0.0
  13000      .013         0.0        0.0        0.0        0.0        0.0        0.0
 ***                                                             Close switch  "X0001B"  to  "X0002B"  after  1.30010000E-02  sec.
 ***                                                             Close switch  "X0001A"  to  "X0002A"  after  1.30010000E-02  sec.
 ***                                                             Close switch  "X0001C"  to  "X0002C"  after  1.30010000E-02  sec.
  13500     .0135  115611.566 -459677.63 344066.065  -803743.7 575289.197 228454.498
  14000      .014  250229.601  -643416.8 393187.194  -.10366E7 893646.396 142957.592
  14500     .0145  328988.481  -535230.6  206242.12 -741472.72 864219.081 -122746.36
  15000      .015  361828.164 -371724.37 9896.20347 -381620.57 733552.531 -351931.96
  15500     .0155  388822.382 -305246.02 -83576.359 -221669.66 694068.405 -472398.74
  16000      .016  419193.066 -295733.57  -123459.5 -172274.07 714926.635 -542652.56
  16500     .0165  439950.833 -263025.65 -176925.19  -86100.46 702976.479 -616876.02
  17000      .017  440648.714 -187483.54 -253165.17 65681.6312 628132.256 -693813.89
  17500     .0175  421480.246 -94485.258 -326994.99 232509.729 515965.504 -748475.23
  18000      .018  387173.563 -6580.4323 -380593.13 374012.699 393753.996 -767766.69
  18500     .0185  340776.086 73174.4908 -413950.58 487125.068 267601.595 -754726.66
  19000      .019  283161.002 149777.492 -432938.49 582715.987  133383.51  -716099.5
  19500     .0195  215262.205  224202.42 -439464.62 663667.045 -8940.2154 -654726.83
  20000       .02  139271.918 292394.564 -431666.48 724061.046 -153122.65  -570938.4
  20500     .0205  58229.2913 349772.895 -408002.19 757775.081  -291543.6 -466231.48
  21000      .021  -24743.787 393852.098 -369108.31 762960.409 -418595.89 -344364.52
  21500     .0215  -106729.51 423732.596 -317003.09 740735.685  -530462.1 -210273.58
  22000      .022  -184935.28 438853.035 -253917.75 692770.786 -623788.32 -68982.468
  22500     .0225  -256634.93 438645.567 -182010.63 620656.199  -695280.5 74624.3017
  23000      .023  -319264.21 422901.002 -103636.79 526537.792 -742165.21 215627.422
  23500     .0235  -370575.01 392087.449 -21512.436 413599.885 -762662.46 349062.576
  24000      .024  -408745.49 347341.642 61403.8478 285937.794 -756087.13 470149.338
  24500     .0245  -432433.39 290306.429 142126.962 148179.467 -722739.82 574560.353
  25000      .025  -440805.96 223011.397 217794.562 5216.83507 -663817.36  658600.52
  25500     .0255   -433565.6 147821.453 285744.142 -137922.69 -581387.05 719309.737
  26000      .026  -410965.73 67387.5262 343578.209 -276190.68 -478353.26 754543.944
  26500     .0265  -373805.94  -15439.29 389245.232 -404684.52 -358366.65 763051.174
  27000      .027  -323403.37 -97718.868 421122.233  -518841.1  -225684.5 744525.598
  27500     .0275  -261544.32 -176534.28 438078.594 -614612.87 -85010.041 699622.912
  28000      .028  -190420.26 -249094.83  439515.09 -688609.92 58674.5775 629935.346
  28500     .0285   -112550.5 -312831.57 425382.076 -738213.65 200281.067 537932.581
  29000      .029  -30693.478 -365486.74 396180.223 -761666.97 334793.267 426873.701
  29500     .0295  52250.9593 -405194.48 352943.517 -758137.99 457445.435 300692.557
  30000       .03  133344.376 -430547.78 297203.402 -727751.18 563892.153 163859.026
  30500     .0305  209713.971 -440648.56 230934.591 -671583.15 650362.534 21220.6195
  31000      .031  278654.337 -435139.17 156484.831   -591624. 713793.505 -122169.51
  31500     .0315  337723.246 -414214.82 76491.5711 -490706.39 751938.063 -261231.68
  32000      .032  384828.153 -378616.72 -6211.4291 -372405.29 763444.877 -391039.58
  32500     .0325  418300.334 -329605.93 -88694.406 -240911.52 747906.262 -506994.74
  33000      .033  436954.017 -268918.66 -168035.36  -100883.3 705872.677 -604989.37
  33500     .0335  440128.387 -198704.81 -241423.58 42718.7645 638833.198 -681551.96
  34000      .034  427710.991 -121451.75 -306259.24 184807.489 549162.742 -733970.23
  34500     .0345  400141.723 -39896.205 -360245.52 320349.313 440037.928 -760387.24
  35000      .035  358397.237  43072.685 -401469.92 444542.607 315324.552 -759867.16
  35500     .0355  303956.352 124515.706 -428472.06 552987.764 179440.646 -732428.41
  36000      .036  238747.662 201547.697 -440295.36 641843.056 37199.9654 -679043.02
  36500     .0365  165081.219  271439.76 -436520.98 707960.738 -106358.54  -601602.2
  37000      .037  85566.6917 331715.934 -417282.63  748998.56 -246149.24 -502849.32
  37500     .0375  3020.92315 380240.906 -383261.83 763502.735 -377219.98 -386282.75
  38000      .038  -79631.862 415295.654 -335663.79 750959.447 -494927.52 -256031.93
  38500     .0385  -159463.65 435638.348  -276174.7 711813.047   -595102. -116711.05
  39000      .039  -233646.35 440548.335 -206901.98 647450.316 -674194.69 26744.3743
  39500     .0395  -299552.02 429851.679 -130299.66 560151.335  -729403.7 169252.365
  40000       .04  -354845.91 403927.312 -49081.403 453008.715 -758773.22 305764.505
  40500     .0405   -397569.2 363693.619 33875.5826 329818.036 -761262.82 431444.784
  41000      .041  -426208.41 310575.898 115632.509 194943.389  -736784.3 541840.915
  41500     .0415  -439748.97 246455.871 193293.095 53162.7762 -686204.84 633042.061
  42000      .042   -437711.2 173605.022 264106.176 -90501.154 -611316.22 701817.375
  42500     .0425  -420167.29 94604.1285 325563.165 -230959.04 -514771.42 745730.458
  43000      .043  -387738.75 12251.8364 375486.915 -363235.08 -399990.59 763225.666
  43500     .0435  -341574.37 -70534.483 412108.854 -482643.34 -271039.89 753683.225
  44000      .044  -283309.55 -150822.08 434131.631 -584953.71 -132487.46 717441.178
  44500     .0445  -215008.34 -225766.74 440775.078 -666541.81 10758.3957 655783.419
  45000      .045  -139090.36 -292713.49 431803.848 -724517.34 153623.134 570894.205
  45500     .0455  -58245.027 -349290.72 407535.751 -756826.47 291045.697 465780.778
  46000      .046  24663.6622 -393494.16 368830.497 -762324.66 418157.821 344166.835
  46500     .0465   106698.63 -423757.87 317059.238 -740817.11 530456.497 210360.608
  47000      .047  184953.745 -439009.74 254055.997 -693065.74 623963.488  69102.252
  47500     .0475  256656.783 -438709.48 182052.696 -620762.17 695366.262 -74604.087
  48000      .048  319267.626 -422867.71 103600.087  -526467.8  742135.34 -215667.54
  48500     .0485  370568.256 -392045.65 21477.3926 -413523.04 762613.904 -349090.86
  % % % % % %   Suspended simulation;  plot data space exhausted;  SPY SPACE is required.   LIMBUF =  340000.
  % % % % % %   Suspended simulation;  plot data space exhausted;  SPY SPACE is required.   LIMBUF =  340000.
  +++  Time-sharing disabled.   Send  user-keyed interrupt to silence alarm.
   Current values.  INDBUF  INDBEG  LIMBUF  MFLUSH  NUMDCD  KCARD1  KCARD2
                    339998      50  340000    1000      25       1      29
Plot timespan now in memory (in sec) = 0.00000000E+00   4.85640000E-02
   ++++  Begin plot-data copy from memory to disk.   MFLUSH, INDBUF, N4, Tbeg,  Tend = 1001  339998       1  -1.00000E+00
1.00000E+19
  49000      .049   408741.32 -347335.17 -61406.149 -285929.02 756076.492 -470147.47
  49500     .0495  432434.521 -290320.17 -142114.35 -148205.82 722754.693 -574548.87
  50000       .05  440808.513 -223020.44 -217788.08 -5232.3625 663828.951 -658596.59
  50500     .0505  433566.644 -147820.09 -285746.55 137926.459 581386.737  -719313.2
  51000      .051  410965.462 -67383.148 -343582.31 276199.167  478348.61 -754547.78
  51500     .0515  373805.624 15440.8788  -389246.5 404687.382 358364.745 -763052.13
  52000      .052  323403.536 97717.9041 -421121.44 518839.344 225685.632 -744524.98
  52500     .0525  261544.717 176533.224 -438077.94 614611.164 85011.4935 -699622.66
  53000      .053  190420.547 249094.765 -439515.31 688610.078 -58674.218 -629935.86
  53500     .0535  112550.635    312832. -425382.64 738214.636 -200281.37 -537933.27
  54000      .054  30693.5609 365487.006 -396180.57 761667.572 -334793.44 -426874.13
  54500     .0545  -52250.847 405194.451  -352943.6 758138.055  -457445.3 -300692.76
  55000      .055  -133344.24 430547.681 -297203.44  727751.12 -563891.92  -163859.2
  55500     .0555  -209713.85 440648.544 -230934.69 671583.239 -650362.39 -21220.845
  56000      .056  -278654.24 435139.212 -156484.97 591624.186 -713793.45 122169.265
  56500     .0565  -337723.16 414214.857 -76491.695 490706.552 -751938.02 261231.466
  57000      .057  -384828.07 378616.733 6211.33928 372405.394 -763444.81 391039.412
  57500     .0575  -418300.26 329605.922 88694.3335 240911.589 -747906.18 506994.589
  58000      .058  -436953.94 268918.657 168035.286 100883.371  -705872.6  604989.23
  58500     .0585  -440128.32 198704.814 241423.505 -42718.691 -638833.13 681551.824
  59000      .059  -427710.93 121451.754 306259.175 -184807.42 -549162.68 733970.103
  59500     .0595  -400141.66 39896.2036  360245.46 -320349.26 -440037.87 760387.124
  60000       .06  -358397.18  -43072.69  401469.87 -444542.56 -315324.49  759867.05
  60500     .0605   -303956.3 -124515.71 428472.009 -552987.72 -179440.59 732428.306
  61000      .061  -238747.61  -201547.7 440295.313 -641843.02 -37199.906 679042.922
  61500     .0615  -165081.17 -271439.77 436520.935  -707960.7 106358.599 601602.103
  62000      .062  -85566.643 -331715.94 417282.585 -748998.53   246149.3 502849.228
  62500     .0625  -3020.8751 -380240.92 383261.791 -763502.71 377220.041 386282.666
  63000      .063  79631.9095 -415295.67 335663.756 -750959.42 494927.575 256031.846
  63500     .0635  159463.695 -435638.36 276174.664 -711813.02 595102.054 116710.969
  64000      .064  233646.401 -440548.35 206901.947 -647450.29 674194.749 -26744.454
  64500     .0645  299552.067 -429851.69 130299.624 -560151.32 729403.759 -169252.44
  65000      .065  354845.954 -403927.33 49081.3719  -453008.7  758773.28 -305764.58
  65500     .0655  397569.247 -363693.63 -33875.613 -329818.02  761262.88 -431444.86
  66000      .066  426208.452 -310575.91 -115632.54 -194943.37 736784.365 -541840.99
  66500     .0665  439749.012 -246455.89 -193293.12 -53162.762 686204.899 -633042.14
  67000      .067  437711.244 -173605.04 -264106.21 90501.1673 611316.283 -701817.45
  67500     .0675  420167.339 -94604.146 -325563.19 230959.048 514771.485 -745730.53
  68000      .068  387738.798 -12251.854 -375486.94  363235.09 399990.652 -763225.74
  68500     .0685  341574.418 70534.4651 -412108.88 482643.348 271039.953  -753683.3
  69000      .069  283309.595 150822.065 -434131.66 584953.725  132487.53 -717441.26
  69500     .0695   215008.39 225766.718 -440775.11 666541.825 -10758.328  -655783.5
  70000       .07  139090.406 292713.471 -431803.88 724517.349 -153623.07 -570894.28
  70500     .0705  58245.0772 349290.704 -407535.78 756826.485 -291045.63 -465780.86
  71000      .071  -24663.611 393494.139 -368830.53 762324.666 -418157.75 -344166.92
  71500     .0715  -106698.58 423757.847 -317059.27 740817.115 -530456.42 -210360.69
  72000      .072  -184953.69 439009.721 -254056.03  693065.75 -623963.41 -69102.335
  72500     .0725  -256656.73 438709.457 -182052.73 620762.185 -695366.19 74604.0024
  73000      .073  -319267.57 422867.691 -103600.12  526467.81 -742135.26 215667.454
  73500     .0735   -370568.2 392045.626 -21477.425 413523.051 -762613.83 349090.776
  74000      .074  -408741.26 347335.149 61406.1162 285929.032 -756076.41 470147.381
  74500     .0745  -432434.46  290320.15 142114.314 148205.835 -722754.61 574548.779
  75000      .075  -440808.46 223020.414 217788.041 5232.37332 -663828.87 658596.497
  75500     .0755  -433566.59 147820.069 285746.517 -137926.45 -581386.66 719313.103
  76000      .076   -410965.4 67383.1238 343582.279 -276199.16 -478348.53 754547.682
  76500     .0765  -373805.56 -15440.903 389246.467 -404687.37 -358364.66 763052.031
  77000      .077  -323403.48 -97717.929 421121.404 -518839.33 -225685.55 744524.879
  77500     .0775  -261544.66 -176533.25 438077.904 -614611.15 -85011.407 699622.559
  78000      .078  -190420.48 -249094.79 439515.275 -688610.07 58674.3058 629935.759
  78500     .0785  -112550.57 -312832.03 425382.597 -738214.62 200281.454 537933.168
  79000      .079  -30693.497 -365487.03 396180.528 -761667.56 334793.534 426874.025
  79500     .0795  52250.9119 -405194.48 352943.565 -758138.04 457445.389 300692.653
  80000       .08  133344.307 -430547.71 297203.399 -727751.11 563892.014 163859.092
  80500     .0805  209713.916 -440648.57 230934.654 -671583.22 650362.486 21220.7383
  81000      .081  278654.306 -435139.24 156484.933 -591624.17 713793.544 -122169.37
  81500     .0815   337723.23 -414214.88 76491.6536 -490706.54 751938.113 -261231.58
  82000      .082  384828.141 -378616.76 -6211.3815 -372405.38 763444.901 -391039.52
  82500     .0825  418300.326 -329605.95 -88694.376 -240911.57 747906.275  -506994.7
  83000      .083  436954.014 -268918.68 -168035.33 -100883.35 705872.698 -604989.34
  83500     .0835   440128.39 -198704.84 -241423.55 42718.7072 638833.231 -681551.94
  84000      .084     427711. -121451.78 -306259.22 184807.438 549162.781 -733970.22
  84500     .0845  400141.736 -39896.231 -360245.51 320349.274 440037.968 -760387.24
  85000      .085  358397.254 43072.6617 -401469.92 444542.577 315324.592 -759867.17
  85500     .0855  303956.371 124515.684 -428472.05 552987.739 179440.687 -732428.43
  86000      .086  238747.684 201547.675 -440295.36 641843.034 37200.0093 -679043.04
  86500     .0865  165081.243 271439.739 -436520.98 707960.721  -106358.5 -601602.23
  87000      .087  85566.7185 331715.914 -417282.63 748998.546  -246149.2 -502849.35
  87500     .0875  3020.95167 380240.887 -383261.84 763502.726 -377219.94 -386282.79
  88000      .088  -79631.832 415295.636  -335663.8 750959.441 -494927.47 -256031.97
  88500     .0885  -159463.62  435638.33 -276174.71 711813.044 -595101.95  -116711.1
  89000      .089  -233646.32 440548.319   -206902. 647450.315 -674194.64 26744.3261
  89500     .0895  -299551.99 429851.663 -130299.67 560151.337 -729403.65 169252.314
  90000       .09  -354845.87 403927.297 -49081.422 453008.719 -758773.17 305764.452
  90500     .0905  -397569.17 363693.604 33875.5627 329818.041 -761262.77 431444.729
  91000      .091  -426208.37 310575.884 115632.488 194943.396 -736784.26 541840.859
  91500     .0915  -439748.93 246455.857 193293.073 53162.7843 -686204.79 633042.004
  92000      .092  -437711.16 173605.009 264106.154 -90501.145 -611316.17 701817.317
  92500     .0925  -420167.26 94604.1157 325563.142 -230959.03 -514771.37 745730.399
  93000      .093  -387738.72  12251.824 375486.892 -363235.07 -399990.54 763225.607
  93500     .0935  -341574.33 -70534.495  412108.83 -482643.33 -271039.84 753683.165
  94000      .094  -283309.51  -150822.1 434131.607  -584953.7 -132487.42 717441.118
  94500     .0945  -215008.31 -225766.75 440775.054  -666541.8 10758.4423 655783.359
  95000      .095  -139090.32  -292713.5 431803.824 -724517.33  153623.18 570894.145
  95500     .0955  -58244.992 -349290.73 407535.727 -756826.46 291045.742 465780.719
  96000      .096  24663.6968 -393494.17 368830.472 -762324.64 418157.866 344166.776
  96500     .0965  106698.664 -423757.88 317059.213 -740817.09 530456.541  210360.55
  97000      .097  184953.779 -439009.75 254055.973 -693065.72 623963.531 69102.1938
  % % % % % %   Suspended simulation;  plot data space exhausted;  SPY SPACE is required.   LIMBUF =  340000.
  % % % % % %   Suspended simulation;  plot data space exhausted;  SPY SPACE is required.   LIMBUF =  340000.
  +++  Time-sharing disabled.   Send  user-keyed interrupt to silence alarm.
   Current values.  INDBUF  INDBEG  LIMBUF  MFLUSH  NUMDCD  KCARD1  KCARD2
                    339998      50  340000    1001      25       1      29
Plot timespan now in memory (in sec) = 4.85629998E-02   9.71270000E-02
   ++++  Begin plot-data copy from memory to disk.   MFLUSH, INDBUF, N4, Tbeg,  Tend = 1002  339998       1  -1.00000E+00
1.00000E+19
  97500     .0975  256656.816 -438709.49 182052.672 -620762.16 695366.304 -74604.145
  98000      .098  319267.659 -422867.72 103600.063 -526467.78 742135.381  -215667.6
  98500     .0985  370568.288 -392045.66 21477.3687 -413523.03 762613.945 -349090.92
  99000      .099  408741.352 -347335.18 -61406.173 -285929.01 756076.532 -470147.53
  99500     .0995  432434.552 -290320.18 -142114.37 -148205.81 722754.733 -574548.92
 100000       0.1  440808.544 -223020.45  -217788.1 -5232.3472 663828.989 -658596.64
 100500     .1005  433566.675  -147820.1 -285746.57 137926.474 581386.775 -719313.25
 101000      .101  410965.492 -67383.155 -343582.34 276199.182 478348.647 -754547.83
 101500     .1015  373805.653 15440.8719 -389246.52 404687.397 358364.781 -763052.18
 102000      .102  323403.564 97717.8974 -421121.46 518839.359 225685.667 -744525.03
 102500     .1025  261544.745 176533.217 -438077.96 614611.179 85011.5279 -699622.71
 103000      .103  190420.574 249094.759 -439515.33 688610.092 -58674.185 -629935.91
 103500     .1035  112550.661 312831.994 -425382.66  738214.65 -200281.33 -537933.32
 104000      .104  30693.5869    365487. -396180.59 761667.587 -334793.41 -426874.17
 104500     .1045  -52250.821 405194.446 -352943.62  758138.07 -457445.27  -300692.8
 105000      .105  -133344.22 430547.675 -297203.46 727751.134 -563891.89 -163859.24
 105500     .1055  -209713.83 440648.539 -230934.71 671583.252 -650362.36 -21220.889
 106000      .106  -278654.21 435139.207 -156484.99   591624.2 -713793.42 122169.222
 106500     .1065  -337723.14 414214.852 -76491.713 490706.565 -751937.99 261231.425
 107000      .107  -384828.05 378616.728 6211.32148 372405.407 -763444.78 391039.371
 107500     .1075  -418300.23 329605.918 88694.3161 240911.602 -747906.15  506994.55
 108000      .108  -436953.92 268918.653 168035.269 100883.384 -705872.58 604989.192
 108500     .1085   -440128.3  198704.81 241423.488 -42718.678 -638833.11 681551.786
 109000      .109  -427710.91  121451.75 306259.159 -184807.41 -549162.66 733970.067
 109500     .1095  -400141.64 39896.1998 360245.444 -320349.24 -440037.84 760387.089
 110000       .11  -358397.16 -43072.693 401469.855 -444542.55 -315324.47 759867.016
 110500     .1105  -303956.28 -124515.72 428471.994 -552987.71 -179440.56 732428.273
 111000      .111  -238747.59 -201547.71 440295.298   -641843. -37199.885  679042.89
 111500     .1115  -165081.15 -271439.77 436520.921 -707960.69  106358.62 601602.072
 112000      .112  -85566.626 -331715.95 417282.571 -748998.52  246149.32 502849.197
 112500     .1125  -3020.8589 -380240.92 383261.777  -763502.7  377220.06 386282.636
 113000      .113  79631.9251 -415295.67 335663.743 -750959.41 494927.593 256031.818
 113500     .1135   159463.71 -435638.36 276174.652 -711813.01 595102.072 116710.942
 114000      .114  233646.415 -440548.35 206901.935 -647450.28 674194.765 -26744.481
 114500     .1145  299552.082 -429851.69 130299.612 -560151.31 729403.776 -169252.47
 115000      .115  354845.968 -403927.33 49081.3604 -453008.69 758773.295 -305764.61
 115500     .1155   397569.26 -363693.64 -33875.624 -329818.01 761262.895 -431444.88
 116000      .116  426208.465 -310575.92 -115632.55 -194943.37  736784.38 -541841.01
 116500     .1165  439749.024 -246455.89 -193293.14 -53162.754 686204.912 -633042.16
 117000      .117  437711.256 -173605.04 -264106.22 90501.1758 611316.296 -701817.47
 117500     .1175  420167.351 -94604.147  -325563.2 230959.057 514771.497 -745730.55
 118000      .118  387738.809 -12251.855 -375486.95 363235.098 399990.664 -763225.76
 118500     .1185  341574.428 70534.4639 -412108.89 482643.356 271039.964 -753683.32
 119000      .119  283309.605 150822.064 -434131.67 584953.733 132487.541 -717441.27
 119500     .1195  215008.399 225766.717 -440775.12 666541.833 -10758.318 -655783.51
 120000       .12  139090.415 292713.471 -431803.89 724517.356 -153623.06  -570894.3
 120500     .1205  58245.0855 349290.703 -407535.79 756826.492 -291045.62 -465780.87
 121000      .121  -24663.604 393494.138 -368830.53 762324.672 -418157.74 -344166.93
 121500     .1215  -106698.57 423757.846 -317059.28 740817.122 -530456.42 -210360.71
 122000      .122  -184953.69 439009.721 -254056.03 693065.756 -623963.41 -69102.349
 122500     .1225  -256656.72 438709.457 -182052.73 620762.191 -695366.18 74603.9893
 123000      .123  -319267.57 422867.691 -103600.12 526467.816 -742135.26 215667.442
 123500     .1235   -370568.2 392045.626 -21477.431 413523.057 -762613.82 349090.764
 124000      .124  -408741.26 347335.149 61406.1107 285929.038 -756076.41  470147.37
 124500     .1245  -432434.46  290320.15 142114.309 148205.841 -722754.61 574548.768
 125000      .125  -440808.45 223020.415 217788.036 5232.37852 -663828.87 658596.487
 125500     .1255  -433566.58  147820.07 285746.512 -137926.44 -581386.65 719313.094
 126000      .126   -410965.4 67383.1242 343582.275 -276199.15 -478348.52 754547.674
 126500     .1265  -373805.56 -15440.902 389246.463 -404687.37 -358364.66 763052.023
 127000      .127  -323403.47 -97717.928   421121.4 -518839.33 -225685.54 744524.872
 127500     .1275  -261544.65 -176533.25   438077.9 -614611.15 -85011.405 699622.553
 128000      .128  -190420.48 -249094.79 439515.271 -688610.06 58674.3076 629935.753
 128500     .1285  -112550.57 -312832.02 425382.594 -738214.62 200281.456 537933.163
 129000      .129  -30693.495 -365487.03 396180.525 -761667.56 334793.535  426874.02
 129500     .1295  52250.9134 -405194.48 352943.562 -758138.04 457445.389 300692.649
 130000       .13  133344.309 -430547.71 297203.397  -727751.1 563892.014 163859.088
 130500     .1305  209713.917 -440648.57 230934.652 -671583.22 650362.486 21220.7353
 131000      .131  278654.306 -435139.24 156484.931 -591624.17 713793.544 -122169.38
 131500     .1315   337723.23 -414214.88  76491.652 -490706.53 751938.112 -261231.58
 132000      .132  384828.141 -378616.76 -6211.3829 -372405.38   763444.9 -391039.52
 132500     .1325  418300.325 -329605.95 -88694.378 -240911.57 747906.273  -506994.7
 133000      .133  436954.013 -268918.68 -168035.33 -100883.35 705872.696 -604989.34
 133500     .1335  440128.389 -198704.84 -241423.55 42718.7097 638833.229 -681551.94
 134000      .134  427710.999 -121451.78 -306259.22  184807.44 549162.778 -733970.22
 134500     .1345  400141.735  -39896.23 -360245.51 320349.276 440037.964 -760387.24
 135000      .135  358397.252 43072.6636 -401469.92 444542.579 315324.588 -759867.17
 135500     .1355  303956.369 124515.686 -428472.05 552987.741 179440.684 -732428.42
 136000      .136  238747.682 201547.677 -440295.36 641843.036 37200.0051 -679043.04
 136500     .1365  165081.241 271439.741 -436520.98 707960.723  -106358.5 -601602.22
 137000      .137  85566.7158 331715.916 -417282.63 748998.548  -246149.2 -502849.35
 137500     .1375  3020.94869 380240.889 -383261.84 763502.727 -377219.94 -386282.79
 138000      .138  -79631.835 415295.639  -335663.8 750959.442 -494927.47 -256031.97
 138500     .1385  -159463.62 435638.333 -276174.71 711813.045 -595101.95 -116711.09
 139000      .139  -233646.33 440548.321 -206901.99 647450.316 -674194.65 26744.3311
 139500     .1395  -299551.99 429851.665 -130299.67 560151.338 -729403.66  169252.32
 140000       .14  -354845.88 403927.299  -49081.42 453008.719 -758773.18 305764.458
 140500     .1405  -397569.17 363693.607 33875.5645 329818.042 -761262.78 431444.736
 141000      .141  -426208.38 310575.886  115632.49 194943.397 -736784.26 541840.866
 141500     .1415  -439748.94  246455.86 193293.075 53162.7847  -686204.8 633042.011
 142000      .142  -437711.17 173605.011 264106.156 -90501.145 -611316.18 701817.324
 142500     .1425  -420167.26 94604.1184 325563.144 -230959.03 -514771.38 745730.407
 143000      .143  -387738.72 12251.8268 375486.894 -363235.07 -399990.55 763225.615
 143500     .1435  -341574.34 -70534.492 412108.833 -482643.33 -271039.85 753683.173
 144000      .144  -283309.52 -150822.09  434131.61  -584953.7 -132487.42 717441.127
 144500     .1445  -215008.31 -225766.75 440775.057  -666541.8 10758.4334 655783.368
 145000      .145  -139090.33  -292713.5 431803.827 -724517.33 153623.171 570894.155
 145500     .1455  -58244.999 -349290.73  407535.73 -756826.46 291045.733 465780.729
  % % % % % %   Suspended simulation;  plot data space exhausted;  SPY SPACE is required.   LIMBUF =  340000.
  % % % % % %   Suspended simulation;  plot data space exhausted;  SPY SPACE is required.   LIMBUF =  340000.
  +++  Time-sharing disabled.   Send  user-keyed interrupt to silence alarm.
   Current values.  INDBUF  INDBEG  LIMBUF  MFLUSH  NUMDCD  KCARD1  KCARD2
                    339998      50  340000    1002      25       1      29
Plot timespan now in memory (in sec) = 9.71259996E-02   1.45690000E-01
   ++++  Begin plot-data copy from memory to disk.   MFLUSH, INDBUF, N4, Tbeg,  Tend = 1003  339998       1  -1.00000E+00
1.00000E+19
 146000      .146  24663.6902 -393494.17 368830.476 -762324.64 418157.856 344166.786
 146500     .1465  106698.657 -423757.87 317059.217 -740817.09 530456.531  210360.56
 147000      .147  184953.772 -439009.75 254055.977 -693065.73 623963.521 69102.2044
 147500     .1475  256656.809 -438709.48 182052.676 -620762.16 695366.294 -74604.134
 148000      .148  319267.652 -422867.72 103600.067 -526467.79 742135.371 -215667.59
 148500     .1485  370568.281 -392045.65 21477.3728 -413523.03 762613.934 -349090.91
 149000      .149  408741.345 -347335.18 -61406.169 -285929.01 756076.521 -470147.51
 149500     .1495  432434.544 -290320.18 -142114.37 -148205.81 722754.722 -574548.91
 150000       .15  440808.536 -223020.44 -217788.09 -5232.3483 663828.978 -658596.63
 150500     .1505  433566.667  -147820.1 -285746.57 137926.473 581386.763 -719313.24
 151000      .151  410965.484 -67383.151 -343582.33 276199.181 478348.635 -754547.82
 151500     .1515  373805.645 15440.8753 -389246.52 404687.395 358364.769 -763052.16
 152000      .152  323403.556 97717.9009 -421121.46 518839.358 225685.655 -744525.01
 152500     .1525  261544.736 176533.221 -438077.96 614611.178 85011.5157 -699622.69
 153000      .153  190420.565 249094.763 -439515.33 688610.091 -58674.197 -629935.89
 153500     .1535  112550.653 312831.998 -425382.65 738214.649 -200281.35  -537933.3
 154000      .154   30693.578 365487.003 -396180.58 761667.585 -334793.43 -426874.16
 154500     .1545  -52250.831 405194.449 -352943.62 758138.068 -457445.28 -300692.79
 155000      .155  -133344.23 430547.679 -297203.45 727751.132 -563891.91 -163859.23
 155500     .1555  -209713.83 440648.542 -230934.71  671583.25 -650362.38 -21220.874
 156000      .156  -278654.22 435139.211 -156484.99 591624.198 -713793.44 122169.238
 156500     .1565  -337723.15 414214.856 -76491.708 490706.563   -751938.  261231.44
 157000      .157  -384828.06 378616.732  6211.3274 372405.405 -763444.79 391039.387
 157500     .1575  -418300.24 329605.922 88694.3222   240911.6 -747906.17 506994.566
 158000      .158  -436953.93 268918.657 168035.275 100883.381 -705872.59 604989.208
 158500     .1585  -440128.31 198704.814 241423.494 -42718.681 -638833.12 681551.803
 159000      .159  -427710.92 121451.753 306259.165 -184807.41 -549162.67 733970.083
 159500     .1595  -400141.65 39896.2038 360245.451 -320349.25 -440037.86 760387.105
 160000       .16  -358397.17 -43072.689 401469.861 -444542.55 -315324.48 759867.033
 160500     .1605  -303956.29 -124515.71    428472. -552987.71 -179440.58  732428.29
 161000      .161   -238747.6  -201547.7 440295.305 -641843.01   -37199.9 679042.907
 161500     .1615  -165081.16 -271439.77 436520.928 -707960.69 106358.605 601602.089
 162000      .162  -85566.637 -331715.94 417282.578 -748998.52 246149.305 502849.214
 162500     .1625  -3020.8697 -380240.91 383261.784  -763502.7 377220.045 386282.654
 163000      .163  79631.9142 -415295.66  335663.75 -750959.41 494927.578 256031.835
 163500     .1635  159463.699 -435638.36 276174.659 -711813.02 595102.057 116710.959
 164000      .164  233646.404 -440548.35 206901.942 -647450.29  674194.75 -26744.463
 164500     .1645   299552.07 -429851.69  130299.62 -560151.31  729403.76 -169252.45
 165000      .165  354845.956 -403927.32 49081.3675 -453008.69  758773.28 -305764.59
 165500     .1655  397569.249 -363693.63 -33875.617 -329818.01  761262.88 -431444.87
 166000      .166  426208.453 -310575.91 -115632.54 -194943.37 736784.364   -541841.
 166500     .1665  439749.012 -246455.88 -193293.13 -53162.757 686204.897 -633042.14
 167000      .167  437711.244 -173605.04 -264106.21 90501.1727  611316.28 -701817.45
 167500     .1675  420167.339 -94604.143  -325563.2 230959.053 514771.482 -745730.54
 168000      .168  387738.797 -12251.851 -375486.95 363235.095 399990.648 -763225.74
 168500     .1685  341574.416 70534.4682 -412108.88 482643.353 271039.948  -753683.3
 169000      .169  283309.593 150822.068 -434131.66  584953.73 132487.525 -717441.25
 169500     .1695  215008.387 225766.721 -440775.11 666541.829 -10758.334  -655783.5
 170000       .17  139090.403 292713.475 -431803.88 724517.353 -153623.07 -570894.28
 170500     .1705  58245.0735 349290.708 -407535.78 756826.489 -291045.63 -465780.85
 171000      .171  -24663.616 393494.142 -368830.53 762324.669 -418157.76 -344166.91
 171500     .1715  -106698.58 423757.851 -317059.27 740817.118 -530456.43 -210360.69
 172000      .172   -184953.7 439009.725 -254056.03 693065.752 -623963.42 -69102.329
 172500     .1725  -256656.74 438709.461 -182052.73 620762.187  -695366.2 74604.0095
 173000      .173  -319267.58 422867.695 -103600.12 526467.812 -742135.27 215667.462
 173500     .1735  -370568.21  392045.63 -21477.423 413523.053 -762613.84 349090.785
 174000      .174  -408741.27 347335.153 61406.1187 285929.034 -756076.42 470147.391
 174500     .1745  -432434.47 290320.154 142114.317 148205.837 -722754.63 574548.789
 175000      .175  -440808.46 223020.419 217788.044 5232.37482 -663828.88 658596.508
 175500     .1755  -433566.59 147820.074 285746.521 -137926.45 -581386.67 719313.115
 176000      .176  -410965.41 67383.1286 343582.283 -276199.15 -478348.54 754547.695
 176500     .1765  -373805.57 -15440.898 389246.471 -404687.37 -358364.68 763052.044
 177000      .177  -323403.48 -97717.923 421121.408 -518839.33 -225685.56 744524.893
 177500     .1775  -261544.67 -176533.24 438077.908 -614611.15 -85011.422 699622.574
 178000      .178  -190420.49 -249094.79  439515.28 -688610.06 58674.2904 629935.774
 178500     .1785  -112550.58 -312832.02 425382.602 -738214.62 200281.438 537933.184
 179000      .179  -30693.508 -365487.03 396180.533 -761667.56 334793.518 426874.041
 179500     .1795  52250.9006 -405194.47 352943.571 -758138.04 457445.372  300692.67
 180000       .18  133344.296  -430547.7 297203.405 -727751.11 563891.997  163859.11
 180500     .1805  209713.904 -440648.56  230934.66 -671583.22 650362.468 21220.7566
 181000      .181  278654.294 -435139.23 156484.939 -591624.17 713793.526 -122169.35
 181500     .1815  337723.217 -414214.88 76491.6604 -490706.54 751938.094 -261231.56
 182000      .182  384828.128 -378616.75 -6211.3744 -372405.38 763444.882  -391039.5
 182500     .1825  418300.312 -329605.94 -88694.369 -240911.57 747906.256 -506994.68
 183000      .183     436954. -268918.68 -168035.32 -100883.36 705872.679 -604989.32
 183500     .1835  440128.376 -198704.84 -241423.54 42718.7056 638833.211 -681551.92
 184000      .184  427710.986 -121451.77 -306259.21 184807.436 549162.761  -733970.2
 184500     .1845  400141.722 -39896.225  -360245.5 320349.272 440037.947 -760387.22
 185000      .185  358397.239 43072.6681 -401469.91 444542.575 315324.571 -759867.15
 185500     .1855  303956.356  124515.69 -428472.05 552987.736 179440.666  -732428.4
 186000      .186  238747.669 201547.682 -440295.35 641843.032 37199.9873 -679043.02
 186500     .1865  165081.228 271439.745 -436520.97 707960.718 -106358.52  -601602.2
 187000      .187  85566.7025 331715.921 -417282.62 748998.544 -246149.22 -502849.33
 187500     .1875  3020.93542 380240.894 -383261.83 763502.723 -377219.96 -386282.76
 188000      .188  -79631.849 415295.643 -335663.79 750959.438 -494927.49 -256031.95
 188500     .1885  -159463.63 435638.337  -276174.7  711813.04 -595101.97 -116711.07
 189000      .189  -233646.34 440548.326 -206901.99 647450.312 -674194.66 26744.3532
 189500     .1895  -299552.01  429851.67 -130299.66 560151.333 -729403.68 169252.342
 190000       .19  -354845.89 403927.304 -49081.412 453008.715  -758773.2  305764.48
 190500     .1905  -397569.18 363693.611 33875.5733 329818.038  -761262.8 431444.758
 191000      .191  -426208.39 310575.891 115632.499 194943.392 -736784.28 541840.888
 191500     .1915  -439748.95 246455.865 193293.084 53162.7804 -686204.81 633042.033
 192000      .192  -437711.18 173605.016 264106.165 -90501.149  -611316.2 701817.346
 192500     .1925  -420167.28 94604.1229 325563.153 -230959.03  -514771.4 745730.429
 193000      .193  -387738.73 12251.8313 375486.903 -363235.07 -399990.57 763225.637
 193500     .1935  -341574.35 -70534.488 412108.842 -482643.33 -271039.87 753683.196
 194000      .194  -283309.53 -150822.09 434131.619 -584953.71 -132487.44 717441.149
  % % % % % %   Suspended simulation;  plot data space exhausted;  SPY SPACE is required.   LIMBUF =  340000.
  % % % % % %   Suspended simulation;  plot data space exhausted;  SPY SPACE is required.   LIMBUF =  340000.
  +++  Time-sharing disabled.   Send  user-keyed interrupt to silence alarm.
   Current values.  INDBUF  INDBEG  LIMBUF  MFLUSH  NUMDCD  KCARD1  KCARD2
                    339998      50  340000    1003      25       1      29
Plot timespan now in memory (in sec) = 1.45688996E-01   1.94253000E-01
   ++++  Begin plot-data copy from memory to disk.   MFLUSH, INDBUF, N4, Tbeg,  Tend = 1004  339998       1  -1.00000E+00
1.00000E+19
 194500     .1945  -215008.33 -225766.74 440775.066 -666541.81 10758.4155 655783.391
 195000      .195  -139090.34 -292713.49 431803.836 -724517.33 153623.153 570894.177
 195500     .1955  -58245.012 -349290.73 407535.739 -756826.47 291045.715 465780.751
 196000      .196  24663.6768 -393494.16 368830.485 -762324.65 418157.838 344166.808
 196500     .1965  106698.644 -423757.87 317059.226  -740817.1 530456.513 210360.582
 197000      .197  184953.759 -439009.74 254055.986 -693065.73 623963.503 69102.2268
 197500     .1975  256656.796 -438709.48 182052.684 -620762.16 695366.276 -74604.111
 198000      .198  319267.639 -422867.71 103600.076 -526467.79 742135.353 -215667.56
 198500     .1985  370568.267 -392045.65 21477.3818 -413523.03 762613.916 -349090.89
 199000      .199  408741.331 -347335.17  -61406.16 -285929.01 756076.503 -470147.49
 199500     .1995  432434.531 -290320.17 -142114.36 -148205.81 722754.704 -574548.89
  % % % % % %   Final time step,  PLTFIL  dumps plot data to ".PL4" disk file.
  Done dumping plot points to C-like disk file.
 200000       0.2  440808.522 -223020.44 -217788.08 -5232.3527  663828.96 -658596.61

Extrema of output variables follow.   Order and column positioning are the same as for the preceding time-step loop output.
Variable maxima :  443012.645 440818.848  440818.97 764365.021 931167.646 763520.618
Times of maxima :     .016765    .038907    .027796    .020841    .014051    .043074
Variable minima :  -440818.84 -668102.82 -440818.88 -.107518E7 -763561.51 -767821.12
Times of minima :     .041685    .014028    .102796    .014025    .023629    .018029

Blank card terminating all plot cards.            |BLANK PLOT
Card of names for time-step loop output.          |  X0003AX0003BX0003C
Output voltage differences for pairs of A6 names  |-5X0003BX0003CX0003AX0003BX0003CX0003A
Blank card ending requests for output variables.  |BLANK OUTPUT

The data case now ready to be solved is a statistical overvoltage study that involves  NENERG = 300   simulations.
Closing or opening times for  "STATISTICS"  switches are to be varied randomly according to a Normal   distribution.   The following
is a listing of switches that are to have closing or opening times varied randomly.
          Entry    Switch      From        To         Columns 15-24        Columns 25-34       Reference switch number
         number    number       bus       bus          (in seconds)         (in seconds)       (0 implies independence)
              1         1    X0001B    X0002B             0.013000             0.001000               0
              2         2    X0001A    X0002A             0.013000             0.001000               0
              3         3    X0001C    X0002C             0.013000             0.001000               0
In addition to variation of the switching time that is caused by each switch`s own distribution, there is the added random delay
that is the same for all switches.  This added random delay is called "reference angle," and it has a uniform distribution over the
time interval  0.00000000E+00   to  3.60000000E+02   degrees at frequency  6.00000000E+01   (data fields  DEGMIN, DEGMAX, and STATFR
of the  STARTUP file).   However, if  "ITEST"  (columns 9-16 of the  STATISTICS  miscellaneous data card) is positive, the reference
angle is set to zero, and there is no such added random delay.
In the following output, for each simulation there will be a tabulation of switch times that were used, followed by a display of
peak values that occurred during the simulation.  Format for this latter output is identical to that for the extrema of a
conventional (non-statistical) simulation.
Well, almost identical!  Output of the reference angle in degrees has been added at the extreme left in otherwise blank space.

                       X0003A     X0003B     X0003C     X0003B     X0003A     X0003C
  Reference angle                                       X0003C     X0003B     X0003A
             Random switching times for simulation number  1  :
                                   1  1.2736180E-02    2  1.2582171E-02    3  1.3664185E-02
             ==== Table dumping for all subsequent restorations.  Time [sec] = 9.00000000E-03

                    477197.07 -708423.98 440847.038 -814971.09 857462.341 -764452.37
Times of maxima :     .016715    .013793    .027796    .014084    .013852    .018208
             Random switching times for simulation number  2  :
                                   1  1.2011004E-02    2  1.2734109E-02    3  1.2269366E-02

                   440819.583 -649180.55 555041.201 -.111371E7 765381.795 763521.893
Times of maxima :     .033352    .012652    .013377    .013292     .01553    .026407
             Random switching times for simulation number  3  :
                                   1  1.1499204E-02    2  1.4085178E-02    3  1.2422881E-02

                   566132.768 -685962.99 656577.309 -983884.01 904637.896 -775710.14
Times of maxima :     .015288    .012803    .013455    .013445    .015123    .017925
             Random switching times for simulation number  4  :
                                   1  1.1508765E-02    2  1.4312439E-02    3  1.3982577E-02

                   587768.622 -611262.49 440839.017 763520.664 960850.608 -772183.11
Times of maxima :     .015342    .012568    .027797    .037518     .01534    .018177
             Random switching times for simulation number  5  :
                                   1  1.2929148E-02    2  1.4300391E-02    3  1.2955593E-02

                   585700.958 -701301.46   440819.4 -.108024E7 868607.135 -782137.61
Times of maxima :     .015475    .013964    .044463    .013977    .015331    .018038
             Random switching times for simulation number  6  :
                                   1  1.3792152E-02    2  1.5513538E-02    3  1.3620059E-02

                   724818.672 -727181.28 467789.668  -875706.4 900726.976  -912834.7
Times of maxima :     .016543     .01485    .014174    .014813    .016542    .016547
             Random switching times for simulation number  7  :
                                   1  1.2243092E-02    2  1.3667063E-02    3  1.1621266E-02

                   494960.616 -775423.98 832420.848 -.102302E7 803875.315 -765514.38
Times of maxima :     .014797    .013303    .012638    .013266    .015138    .017945
             Random switching times for simulation number  8  :
                                   1  1.2943717E-02    2  1.2722060E-02    3  1.1963395E-02

                   465035.872 -788165.31  700176.95 -885771.43 914967.668 763521.553
Times of maxima :      .01704    .013972    .013018    .013966    .014002    .026407
             Random switching times for simulation number  9  :
                                   1  1.4399218E-02    2  1.3154044E-02    3  1.1959653E-02

                   532235.821  -679713.3 700768.905   -763521. .1063654E7 763521.424
Times of maxima :     .014781    .015426    .013014    .029185    .015425    .026407
             Random switching times for simulation number  10  :
                                   1  1.4585420E-02    2  1.2814081E-02    3  1.2161058E-02

                   551339.269 -657068.98 636407.019  -763521.5 .1056062E7 -763571.65
Times of maxima :     .014967    .015612    .013195    .029185     .01561    .018005
             Random switching times for simulation number  11  :
                                   1  1.2185342E-02    2  1.2678664E-02    3  1.3671403E-02

                   481146.099 -671996.84 -442125.71 763685.738 763520.714 -763861.55
Times of maxima :     .016547    .013243    .019587    .020862    .115296    .018224
             Random switching times for simulation number  12  :
                                   1  1.1180361E-02    2  1.3247475E-02    3  1.3148861E-02

                   466722.537 -550256.37 461923.476 -869410.39 825465.105 -768002.21
Times of maxima :     .016391    .013529    .014171    .014172    .014545     .01804
             Random switching times for simulation number  13  :
                                   1  1.2793660E-02    2  1.3661352E-02    3  1.5120783E-02

                   569835.369  -783445.5 440838.163 -763520.78 870733.416 -769032.42
Times of maxima :     .014723    .013851    .027796    .029185    .014686    .017592
             Random switching times for simulation number  14  :
                                   1  1.3171040E-02    2  1.4099842E-02    3  1.3203430E-02

                   556350.361 -712649.37 440824.642 -.103412E7 879738.741 -779051.62
Times of maxima :     .015288    .014212    .027797    .014224    .015124    .018016
             Random switching times for simulation number  15  :
                                   1  1.2863655E-02    2  1.1494889E-02    3  1.2836715E-02

                     -440837. -660359.45 456700.114 -.109466E7  905166.94  -767353.5
Times of maxima :     .025019    .013895    .013259    .013885    .013905    .018023
             Random switching times for simulation number  16  :
                                   1  1.1199722E-02    2  1.2623439E-02    3  1.2262014E-02

                   -440859.84 -647059.36 634508.482 -995122.05  -763522.2 763521.915
Times of maxima :      .02502    .012642    .013288    .013286    .023629    .026407
             Random switching times for simulation number  17  :
                                   1  1.0221551E-02    2  1.3985366E-02    3  1.2208841E-02

                   549468.274 -553905.44 657624.581 -.101586E7 879467.662 -772397.09
Times of maxima :     .015183     .01259    .013244    .013234     .01503    .017908
             Random switching times for simulation number  18  :
                                   1  1.4347494E-02    2  1.3278189E-02    3  1.2861787E-02

                   500436.409 -718885.68 488826.455 -763520.82 .1066964E7  -767584.9
Times of maxima :     .016338    .015371    .013894    .029185    .015373    .018001
             Random switching times for simulation number  19  :
                                   1  1.4602398E-02    2  1.3813056E-02    3  1.4783020E-02

                   627498.153 -681362.05 -446214.91 -763521.52 .1052628E7 -764643.39
Times of maxima :      .01498    .015636    .019744    .029185    .015625    .017902
             Random switching times for simulation number  20  :
                                   1  1.3948117E-02    2  1.3151652E-02    3  1.4325302E-02

                   502686.112 -704421.38 -449676.42 -782794.12 .1044389E7 763523.227
Times of maxima :     .014329    .014983    .019311    .014973    .014975    .026407
             Random switching times for simulation number  21  :
                                   1  1.5027851E-02    2  1.1887330E-02    3  1.4074424E-02

                    529391.83 -625398.72 440862.186 -763521.72 .1020775E7 -763520.73
Times of maxima :     .015408    .016051    .027797    .029185    .016052    .101407
             Random switching times for simulation number  22  :
                                   1  1.2291717E-02    2  1.2077740E-02    3  1.1828477E-02

                   459290.784 -710177.65  721803.92 -.105402E7 763520.714 763521.598
Times of maxima :      .01671    .013459    .012673    .013313    .115296    .026407
             Random switching times for simulation number  23  :
                                   1  1.3779938E-02    2  1.1805502E-02    3  1.2693548E-02

                   499401.348 -785550.46 533238.349 763540.138 .1050697E7 -766253.98
Times of maxima :     .015831    .014806    .013722    .020871    .014809    .017997
             Random switching times for simulation number  24  :
                                   1  1.3733738E-02    2  1.1812124E-02    3  1.1612641E-02

                   451125.963 -731151.81 672198.151 -808149.18 .1053541E7 763521.071
Times of maxima :     .015809    .014761     .01266    .014757     .01476    .026407
             Random switching times for simulation number  25  :
                                   1  1.2055577E-02    2  1.2815238E-02    3  1.3202410E-02

                   485722.942 -704882.18 479520.066 -833409.86 -763520.77 -767919.14
Times of maxima :     .016282    .013114    .013991    .013766    .023629    .018095
             Random switching times for simulation number  26  :
                                   1  1.2701953E-02    2  1.3015948E-02    3  1.2127848E-02

                   462126.984 -765550.46 760504.882 -.100314E7 860402.684 763522.152
Times of maxima :     .016969     .01388    .013082    .013723    .014041    .026407
             Random switching times for simulation number  27  :
                                   1  1.3023105E-02    2  1.4242008E-02    3  1.3303116E-02

                   566279.796 -720660.14 440829.101 -981051.71 874882.229 -781291.17
Times of maxima :     .015402    .013686    .027797    .014059    .015272    .018081
             Random switching times for simulation number  28  :
                                   1  1.1054649E-02    2  1.2608902E-02    3  1.2212547E-02

                   -440867.26 -623681.61 640696.199 -998942.64 -763522.38 763521.901
Times of maxima :      .02502    .012592    .013238    .013237    .023629    .026407
             Random switching times for simulation number  29  :
                                   1  1.4129468E-02    2  1.4202596E-02    3  1.2652612E-02

                   526119.807 -703358.83 575833.134 763520.675 .1129736E7  -774054.9
Times of maxima :     .015673    .015153    .013704    .037518    .015225    .018006
             Random switching times for simulation number  30  :
                                   1  1.3137290E-02    2  1.3716141E-02    3  1.3434487E-02

                    517577.91 -728205.67 440844.862 -957656.83 940315.417 -770243.58
Times of maxima :     .014912    .013817    .027796    .014171    .014739    .018048
             Random switching times for simulation number  31  :
                                   1  1.3571497E-02    2  1.3632241E-02    3  1.4120008E-02

                   467289.173 -720658.08 440819.147 -822815.74 .1058707E7 763521.975
Times of maxima :       .0153    .014503    .044463    .014602    .014658    .026407
             Random switching times for simulation number  32  :
                                   1  1.1070513E-02    2  1.2506708E-02    3  1.3465457E-02

                   462992.736 -517513.98 -441399.51 -783854.76 -763524.71 -767036.05
Times of maxima :     .016427    .012132    .019518    .014486    .023629    .018167
             Random switching times for simulation number  33  :
                                   1  1.3148489E-02    2  1.3331220E-02    3  1.2944232E-02

                   -440836.87 -696170.29 584319.606 -.101687E7  964104.54 -768274.86
Times of maxima :      .02502    .014348     .01353     .01417    .014354    .017995
             Random switching times for simulation number  34  :
                                   1  1.3298483E-02    2  1.6103447E-02    3  1.4166885E-02

                   767053.668  -802722.7 -446573.45 763520.676 879538.349 -997218.84
Times of maxima :     .017138    .014355    .018304    .104185    .017127    .017132
             Random switching times for simulation number  35  :
                                   1  1.3602800E-02    2  1.1527383E-02    3  1.5940582E-02

                   469730.182 -765587.57  -451452.1 -763521.01 997105.973 -791520.34
Times of maxima :     .016296    .014649    .019356    .029185    .014633    .017533
             Random switching times for simulation number  36  :
                                   1  1.1619253E-02    2  1.1720164E-02    3  1.4063741E-02

                    449579.68 -597073.07 440832.559 763520.663 767242.309 -763520.74
Times of maxima :      .01689     .01268    .027796    .037518    .015364    .101407
             Random switching times for simulation number  37  :
                                   1  1.2537221E-02    2  1.2152689E-02    3  1.4785050E-02

                   447528.739 -689185.37 -441848.09 -763520.83 810381.075 763525.688
Times of maxima :     .016894    .013594    .019439    .029185    .013755    .026407
             Random switching times for simulation number  38  :
                                   1  1.3560620E-02    2  1.3304174E-02    3  1.4128553E-02

                   448476.938 -734397.86 -442942.67 -819514.29 .1037408E7 763522.235
Times of maxima :     .017245    .014511    .019133     .01459    .014591    .026407
             Random switching times for simulation number  39  :
                                   1  1.2017847E-02    2  1.2474934E-02    3  1.2045430E-02

                   442231.199 -596908.25 565924.112 -.116267E7  768746.07 763521.831
Times of maxima :     .016755    .013073    .013068    .013069    .015485    .026407
             Random switching times for simulation number  40  :
                                   1  1.3019307E-02    2  1.5278149E-02    3  1.3124172E-02

                   701488.146 -707877.23 -454687.25 -.103483E7 959321.799 -840006.85
Times of maxima :     .016312    .014076    .019469    .014145    .016306    .016317
             Random switching times for simulation number  41  :
                                   1  1.3015681E-02    2  1.3894533E-02    3  1.3342960E-02

                   525584.041 -739860.25 440846.968 -967426.93 886681.166 -773213.16
Times of maxima :     .014945    .013725    .027796    .014055    .014717    .018021
             Random switching times for simulation number  42  :
                                   1  1.4478158E-02    2  1.2788736E-02    3  1.4171093E-02

                   514313.876 -687333.28 -447759.54   -763521.  .104411E7 -763520.73
Times of maxima :     .014859    .015507    .019648    .029185    .015505    .101407
             Random switching times for simulation number  43  :
                                   1  1.4109927E-02    2  1.2756788E-02    3  1.2939494E-02

                    507421.71 -758143.52 467602.833 763520.678 .1069512E7 -767832.41
Times of maxima :     .016145    .015135    .013967    .104185    .015137    .018023
             Random switching times for simulation number  44  :
                                   1  1.2333350E-02    2  1.1070823E-02    3  1.3353536E-02

                   472350.974 -673980.32 -442072.58 -831860.72 789805.869 -768638.04
Times of maxima :     .016434    .013711    .019578     .01403    .013474    .018137
             Random switching times for simulation number  45  :
                                   1  1.0963649E-02    2  1.1878483E-02    3  1.2550486E-02

                   443957.785 -518784.33 575056.614 -957244.59 -763522.73 -766089.17
Times of maxima :     .015763     .01293    .013572    .013574    .023629    .017975
             Random switching times for simulation number  46  :
                                   1  1.2845655E-02    2  1.3352988E-02    3  1.1961764E-02

                   479434.303 -803157.68 700473.127 -921408.38 863850.798 763522.249
Times of maxima :     .014906    .013743    .013016    .013663    .014083    .026407
             Random switching times for simulation number  47  :
                                   1  1.2765913E-02    2  1.6029162E-02    3  1.2241802E-02

                   756701.013 -795557.25 740110.875 -.100716E7 886641.483 -991249.66
Times of maxima :     .017066    .013825    .013146    .013787    .017053    .017062
             Random switching times for simulation number  48  :
                                   1  1.4194783E-02    2  1.2903113E-02    3  1.3372486E-02

                   511412.732 -754352.31 -452185.35 763520.684   .10595E7 -766950.51
Times of maxima :     .016256    .015222    .019503    .104185    .015221    .018112
             Random switching times for simulation number  49  :
                                   1  1.2654844E-02    2  1.4128094E-02    3  1.4113591E-02

                   625298.036 -773123.21 440851.885 763520.671  907938.21 -766234.84
Times of maxima :     .015226    .013712    .027798    .037518    .015164    .018123
             Random switching times for simulation number  50  :
                                   1  1.2307047E-02    2  1.2594359E-02    3  1.2029761E-02

                   453068.122 -693390.38 704181.323 -.109967E7 763520.715 763521.786
Times of maxima :       .0168    .013502     .01269    .013329    .115296    .026407
             Random switching times for simulation number  51  :
                                   1  1.2032240E-02    2  1.3419056E-02    3  1.2244902E-02

                   445032.693 -628847.29 596019.897 -.112373E7 789541.803 -764562.43
Times of maxima :     .016873    .012627      .0133    .013267    .014995    .017895
             Random switching times for simulation number  52  :
                                   1  1.2812268E-02    2  1.1552426E-02    3  1.3356640E-02

                   463868.009 -748563.66 440836.046 -932592.55 896147.671 -767324.51
Times of maxima :     .016646    .013739    .027796    .013941    .013856    .018147
             Random switching times for simulation number  53  :
                                   1  1.2350784E-02    2  1.3086689E-02    3  1.0913199E-02

                   470017.899 -779869.56 797687.335 -929918.32 -763521.57 763520.923
Times of maxima :     .016557    .013403     .01197    .013377    .023629    .026407
             Random switching times for simulation number  54  :
                                   1  1.3017244E-02    2  1.0245261E-02    3  1.1617296E-02

                   -492455.42 -766940.48 723173.748  -858266.2 959836.939 763520.841
Times of maxima :     .011292    .014042     .01265    .014042    .014053    .026407
             Random switching times for simulation number  55  :
                                   1  1.3601624E-02    2  1.1542057E-02    3  1.2124483E-02

                   473906.795 -771536.87 643230.613 -773892.64 .1039276E7 763521.705
Times of maxima :      .01563    .014626    .013161    .014625     .01463    .026407
             Random switching times for simulation number  56  :
                                   1  1.2675244E-02    2  1.2496921E-02    3  1.3370598E-02

                   473788.986  -785443.2 -440882.95 -894211.84 841383.593 -767491.71
Times of maxima :     .016591    .013734    .019631    .013926    .013819    .018142
             Random switching times for simulation number  57  :
                                   1  1.2939209E-02    2  1.1758854E-02    3  1.2646643E-02

                   -440879.66 -715413.56 635587.972  -.10307E7  933251.07 -765889.13
Times of maxima :      .02502    .014121    .013321    .013961    .013983    .017994
             Random switching times for simulation number  58  :
                                   1  1.1598332E-02    2  1.1805170E-02    3  1.4329845E-02

                   441531.855 -594026.03 -441551.17 763520.664 767201.722 763522.246
Times of maxima :     .017103     .01266    .019281    .037518    .015346    .026407
             Random switching times for simulation number  59  :
                                   1  1.1374656E-02    2  1.2328765E-02    3  1.1749622E-02

                    444448.48 -609198.97 645457.658 -.110934E7 775276.324 763521.366
Times of maxima :     .016921    .012132    .012778    .012773    .015142    .026407
             Random switching times for simulation number  60  :
                                   1  1.4448964E-02    2  1.3783407E-02    3  1.2946477E-02

                   514896.562 -700227.22 510540.458 -763521.08 .1094027E7 -771638.89
Times of maxima :      .01483    .015473    .013995    .029185    .015474    .017978
             Random switching times for simulation number  61  :
                                   1  1.2322532E-02    2  1.2791923E-02    3  1.4120936E-02

                   468608.261 -684801.33 440838.816 763520.667  777232.08 -763520.74
Times of maxima :     .016704     .01338    .027796    .037518    .013832    .101407
             Random switching times for simulation number  62  :
                                   1  1.3523376E-02    2  1.2430916E-02    3  1.3593857E-02

                   -440822.61 -699330.86 -441712.31 -940696.97 .1004147E7 -765048.14
Times of maxima :     .025021    .014613    .019271    .014548    .014554    .018164
             Random switching times for simulation number  63  :
                                   1  1.3525238E-02    2  1.4835004E-02    3  1.2083276E-02

                   695075.553 -806106.09 681684.354 -791859.61 896912.281 -773474.61
Times of maxima :     .015866    .014565    .013137    .014549    .015864    .018358
             Random switching times for simulation number  64  :
                                   1  1.2297140E-02    2  1.3187539E-02    3  1.3497937E-02

                   493555.202 -736987.82 -443994.05 -780083.53 782204.104 -765144.17
Times of maxima :     .016523    .013356    .019617    .014003    .014219    .018158
             Random switching times for simulation number  65  :
                                   1  1.2587072E-02    2  1.3224876E-02    3  1.3353380E-02

                   496525.688 -799220.71 473724.256 -880300.72 849000.692 -766927.36
Times of maxima :      .01448    .013612    .014381    .013966    .014252    .018098
             Random switching times for simulation number  66  :
                                   1  1.5245609E-02    2  1.0847821E-02    3  1.0683302E-02

                   561904.334 -569716.43 716440.342 765555.075 988744.968 930762.823
Times of maxima :     .015626    .016269    .011739    .020751    .016269     .01171
             Random switching times for simulation number  67  :
                                   1  1.1237436E-02    2  1.1646484E-02    3  1.3641716E-02

                   457849.306 -532549.95 440837.657  763799.62 763520.724 -765428.11
Times of maxima :     .016587    .012301    .027796    .020863    .115296    .018206
             Random switching times for simulation number  68  :
                                   1  1.2272404E-02    2  1.2581271E-02    3  1.1030108E-02

                   467781.768 -751051.14 792801.446 -926273.85 763520.715 -763520.69
Times of maxima :     .016517     .01331    .012086    .013299    .115296    .101407
             Random switching times for simulation number  69  :
                                   1  1.3384599E-02    2  1.3667015E-02    3  1.1167816E-02

                   472268.274 -717888.64   785132.1 -879407.82 .1005746E7 -767252.99
Times of maxima :     .015236    .014413    .012223    .014408     .01469    .018007
             Random switching times for simulation number  70  :
                                   1  1.2171128E-02    2  1.2222865E-02    3  1.4047541E-02

                   462524.564 -669102.04 440838.068 763520.665 763520.716 -763520.74
Times of maxima :     .016733     .01323    .027796    .037518    .115296    .101407
             Random switching times for simulation number  71  :
                                   1  1.2195378E-02    2  1.2835652E-02    3  1.2054197E-02

                   450610.161 -658963.75  639276.33 -.113524E7 763520.715 763522.164
Times of maxima :     .016734     .01322    .012579    .013218    .115296    .026407
             Random switching times for simulation number  72  :
                                   1  1.2326673E-02    2  1.2041764E-02    3  1.3178351E-02

                   476034.007 -721463.79 468903.984 -891159.36 763520.714  -768804.9
Times of maxima :     .016345    .013541      .0142    .013772    .115296    .018085
             Random switching times for simulation number  73  :
                                   1  1.4956355E-02    2  1.4309812E-02    3  1.2182339E-02

                   688563.623 -628583.22  665387.84 -763521.97 .1053848E7 -771382.01
Times of maxima :     .015337    .015986    .013236    .029185    .015979    .018052
             Random switching times for simulation number  74  :
                                   1  1.2759464E-02    2  1.1883391E-02    3  1.3216912E-02

                   463012.069 -715710.89 440831.008 -963252.27 880584.562 -767927.86
Times of maxima :     .016575    .013599    .027795    .013874    .013841    .018106
             Random switching times for simulation number  75  :
                                   1  1.2549964E-02    2  1.2814434E-02    3  1.3755161E-02

                   482583.539 -701215.02 440848.497 763693.638 825906.811 -763520.73
Times of maxima :     .016694    .013607    .027796    .020861    .013853    .101407
             Random switching times for simulation number  76  :
                                   1  1.3362609E-02    2  1.3811317E-02    3  1.3105820E-02

                    475270.89 -701717.88 572397.904 -965514.14 973281.421 -773683.97
Times of maxima :     .015408    .014198    .013744    .014384    .014835    .017984
             Random switching times for simulation number  77  :
                                   1  1.2351508E-02    2  1.3506353E-02    3  1.3652043E-02

                   525650.026 -743323.81 -442155.81 763746.033 822125.538 -764009.11
Times of maxima :     .014661     .01341    .019708    .020861    .014552    .018147
             Random switching times for simulation number  78  :
                                   1  1.2856266E-02    2  1.2055449E-02    3  1.2064549E-02

                   459184.431 -762963.69 684413.449 -922739.61 934541.852 763521.865
Times of maxima :     .017016    .013927    .013212    .013877    .013916    .026407
             Random switching times for simulation number  79  :
                                   1  1.1845186E-02    2  1.3184567E-02    3  1.1860527E-02

                   449724.364 -581660.91 600843.812 -.116467E7 774927.563 763522.293
Times of maxima :     .016744     .01287    .012889    .012885    .015076    .026407
             Random switching times for simulation number  80  :
                                   1  1.1198084E-02    2  1.2826207E-02    3  1.2561866E-02

                   450006.353 -614452.37 594587.149 -954848.04 -763526.85 -765441.94
Times of maxima :     .015883    .012934    .013585    .013585    .023629    .017976
             Random switching times for simulation number  81  :
                                   1  1.2902849E-02    2  1.2689274E-02    3  1.4330306E-02

                   465059.255 -718481.82 440829.476 763520.672 899734.939 763523.302
Times of maxima :     .017073    .013959    .027797    .037518    .013962    .026407
             Random switching times for simulation number  82  :
                                   1  1.4823361E-02    2  1.4471691E-02    3  1.2670481E-02

                   573307.915 -597530.81 572028.494 -763521.87 .1114391E7 -774945.84
Times of maxima :     .015206    .015855    .013722    .029185    .015846    .018099
             Random switching times for simulation number  83  :
                                   1  1.1556550E-02    2  1.3272646E-02    3  1.2580233E-02

                   442033.244 -682202.43  629318.34 -953024.51 783559.689 -765927.89
Times of maxima :      .01607    .012959    .013608    .013603    .014815     .01793
             Random switching times for simulation number  84  :
                                   1  1.4093739E-02    2  1.2982006E-02    3  1.2410281E-02

                   477399.432 -707434.75 572129.046 763520.674 .1074385E7 -764957.89
Times of maxima :     .016106    .015117    .013444    .037518    .015121    .017989
             Random switching times for simulation number  85  :
                                   1  1.4289461E-02    2  1.2481865E-02    3  1.3635324E-02

                   505700.955 -731575.61 -450539.58 763520.688 .1058059E7 -764838.83
Times of maxima :     .016356    .015317    .019568    .104185    .015317    .018167
             Random switching times for simulation number  86  :
                                   1  1.2619542E-02    2  1.2476904E-02    3  1.2873536E-02

                   452481.179 -659583.48 443593.369 -.104469E7 826693.028 -768019.43
Times of maxima :     .016463    .013257    .013936     .01368    .013791    .018018
             Random switching times for simulation number  87  :
                                   1  1.3435348E-02    2  1.3837998E-02    3  1.2409890E-02

                   530123.797 -807855.76 624561.619 -807575.05 983703.067  -770770.9
Times of maxima :     .015406    .014223    .013463    .014458     .01486    .017927
             Random switching times for simulation number  88  :
                                   1  1.2813368E-02    2  1.4273209E-02    3  1.2551535E-02

                   608376.607 -743863.22 650961.181 -.105758E7   866180.1  -779632.7
Times of maxima :     .015361    .013875    .013195    .013835    .015308    .018007
             Random switching times for simulation number  89  :
                                   1  1.3450162E-02    2  1.3559699E-02    3  1.4594424E-02

                   464582.591 -722214.22 -442443.18  763520.68 .1035176E7 763526.526
Times of maxima :     .015275    .014505    .019131    .104185    .014585    .026407
             Random switching times for simulation number  90  :
                                   1  1.2290844E-02    2  1.2982722E-02    3  1.1530008E-02

                   470256.062 -807392.85 790328.191 -984431.31 763520.714 763521.334
Times of maxima :     .016636     .01336    .012635    .013311    .115296    .026407
             Random switching times for simulation number  91  :
                                   1  1.2678396E-02    2  1.3694895E-02    3  1.3432047E-02

                   538614.137 -812265.35 453513.519 -867623.97 846569.379 -769504.52
Times of maxima :     .014717    .013776    .014458    .014022    .014722    .018057
             Random switching times for simulation number  92  :
                                   1  1.3156192E-02    2  1.3493545E-02    3  1.2944854E-02

                   442414.188 -696187.11 586571.493 -.101395E7 951897.784 -769496.66
Times of maxima :      .01711    .014339    .013538    .014178    .014515    .017972
             Random switching times for simulation number  93  :
                                   1  1.3031966E-02    2  1.3283244E-02    3  1.2722768E-02

                   442929.324 -719947.68 640579.447 -.101654E7 932572.575 -767334.19
Times of maxima :     .017136    .014209    .013413    .014053    .014306    .017967
             Random switching times for simulation number  94  :
                                   1  1.1615976E-02    2  1.2705974E-02    3  1.3147416E-02

                   475834.374  -631749.7 477076.322 -834110.63 -763521.75 -768553.48
Times of maxima :     .016172    .012675    .013932    .014169    .023629    .018083
             Random switching times for simulation number  95  :
                                   1  1.2977317E-02    2  1.3701381E-02    3  1.3280179E-02

                   506292.564 -734352.15 440845.282 -980719.24 895792.275 -771291.89
Times of maxima :     .014881    .014046    .027796    .014017     .01472    .018011
             Random switching times for simulation number  96  :
                                   1  1.3516101E-02    2  1.2354286E-02    3  1.3578209E-02

                   -440821.42 -699837.19 -441674.22 -943719.08 .1003488E7 -765204.26
Times of maxima :     .025021    .014598    .019274    .014541    .014547    .018161
             Random switching times for simulation number  97  :
                                   1  1.2165988E-02    2  1.1575125E-02    3  1.3238939E-02

                    476481.79 -633939.17 -443599.95 -838698.15 765145.748 -768743.53
Times of maxima :     .016288    .013602    .019515    .013866    .015646    .018109
             Random switching times for simulation number  98  :
                                   1  1.4310005E-02    2  1.2913335E-02    3  1.3387608E-02

                   515117.201 -743165.79 -452103.32 763520.687 .1059348E7 -766844.48
Times of maxima :     .016353    .015335    .019559    .104185    .015337    .018115
             Random switching times for simulation number  99  :
                                   1  1.4263961E-02    2  1.2775555E-02    3  1.4632646E-02

                   509675.986 -692253.31 -451450.93 -763520.78 .1042278E7 763523.588
Times of maxima :     .014644    .015291    .019478    .029185     .01529    .026407
             Random switching times for simulation number  100  :
                                   1  1.3964804E-02    2  1.2543422E-02    3  1.4044052E-02

                   480960.408 -702080.22 -447866.69 -824588.14 .1036049E7 -763520.73
Times of maxima :     .014345    .014995    .019347    .014987    .014992    .101407
             Random switching times for simulation number  101  :
                                   1  1.2736400E-02    2  1.2186462E-02    3  1.3048192E-02

                   456900.715 -682816.76 -440876.57 -.101642E7 861495.812 -768285.74
Times of maxima :     .016542    .013431    .019553     .01379    .013851    .018056
             Random switching times for simulation number  102  :
                                   1  1.1987267E-02    2  1.2651476E-02    3  1.3030676E-02

                   480177.685 -704407.39 518215.371  -881344.9 763520.717 -768285.98
Times of maxima :     .016181    .013037    .014052    .013692    .115296    .018051
             Random switching times for simulation number  103  :
                                   1  1.2764578E-02    2  1.2082311E-02    3  1.3099683E-02

                   458048.693 -688172.15 440826.532 -.100612E7 871971.614 -768199.89
Times of maxima :      .01656    .013482    .027795     .01381    .013866     .01807
             Random switching times for simulation number  104  :
                                   1  1.3735278E-02    2  1.2969664E-02    3  1.2732019E-02

                   492345.116 -781733.95 513706.998 763707.141 .1052647E7 -766909.42
Times of maxima :     .015799    .014764    .013766    .020869    .014765    .017994
             Random switching times for simulation number  105  :
                                   1  1.2892879E-02    2  1.3325059E-02    3  1.3302442E-02

                   484932.456 -825611.85 440843.482 -956337.57 913450.863 -767503.17
Times of maxima :     .014523    .013686    .027795    .013971     .01435    .018073
             Random switching times for simulation number  106  :
                                   1  1.2672196E-02    2  1.3435138E-02    3  1.3147657E-02

                   476149.613  -783353.7 461279.784 -961827.74 851355.387 -768729.07
Times of maxima :     .016647     .01353    .014181    .013853    .014375    .018017
             Random switching times for simulation number  107  :
                                   1  1.2299998E-02    2  1.1665525E-02    3  1.2533744E-02

                   444726.557 -634230.73 523136.144 -.109125E7 768465.401 -765308.03
Times of maxima :     .016148    .012916    .013586    .013555    .013617    .017991
             Random switching times for simulation number  108  :
                                   1  1.3273763E-02    2  1.0867765E-02    3  1.2911754E-02

                    449345.63 -747848.29  586256.34 -967656.08   961057.7 -768384.88
Times of maxima :      .01554    .014363    .013653    .014295     .01431    .018031
             Random switching times for simulation number  109  :
                                   1  1.3453238E-02    2  1.2200662E-02    3  1.4184773E-02

                   453146.227  -775698.3 -443390.92 -793432.56 996570.296 763521.874
Times of maxima :     .017266    .014527    .019038    .014544    .014485    .026407
             Random switching times for simulation number  110  :
                                   1  1.1201224E-02    2  1.3130549E-02    3  1.2726298E-02

                   451410.622 -551825.66 564431.821 -930241.55 784915.809 -766720.52
Times of maxima :     .016083    .013106    .013749     .01375    .014566    .017965
             Random switching times for simulation number  111  :
                                   1  1.3974823E-02    2  1.3402526E-02    3  1.3711189E-02

                   528198.986 -710042.07 466675.294 -818522.66 .1068753E7 -763853.97
Times of maxima :     .014356    .015067    .014355    .014996    .015002     .01815
             Random switching times for simulation number  112  :
                                   1  1.2568480E-02    2  1.2060666E-02    3  1.2578668E-02

                   441286.852 -635268.65 497663.844 -.113281E7 821709.449  -765601.6
Times of maxima :     .016647    .013604      .0136    .013601    .013777    .017984
             Random switching times for simulation number  113  :
                                   1  1.4846509E-02    2  1.2910233E-02    3  1.2620203E-02

                   520304.056 -622859.38 534128.961 -763521.99 .1035815E7 -766269.74
Times of maxima :     .015228     .01587    .013655    .029185    .015871    .017987
             Random switching times for simulation number  114  :
                                   1  1.3941185E-02    2  1.2785063E-02    3  1.4209438E-02

                   484124.751 -701393.22  -448813.5 -804274.36 .1034752E7 763521.456
Times of maxima :     .014322    .014972    .019302    .014965    .014969    .026407
             Random switching times for simulation number  115  :
                                   1  1.4763404E-02    2  1.3856452E-02    3  1.1583017E-02

                   604337.389 -668650.63 749126.348 -763521.76 .1038957E7 -766248.03
Times of maxima :     .015143    .015788    .012639    .029185    .015787    .018024
             Random switching times for simulation number  116  :
                                   1  1.0730404E-02    2  1.2277542E-02    3  1.1553088E-02

                   451793.273 -572163.86 743500.175  -.10534E7 767005.896 763520.985
Times of maxima :     .016786    .011934    .012606    .012578    .015006    .026407
             Random switching times for simulation number  117  :
                                   1  1.4506706E-02    2  1.3550058E-02    3  1.2653362E-02

                   531510.364 -669411.55 575622.459 -763521.31 .1071244E7 -768385.17
Times of maxima :     .014887    .015532    .013705    .029185    .015531    .017949
             Random switching times for simulation number  118  :
                                   1  1.2016035E-02    2  1.3104857E-02    3  1.2268784E-02

                   440819.678 -646902.46 600578.543 -.111488E7 763520.716 763522.536
Times of maxima :     .033352    .012651    .013323    .013291    .115296    .026407
             Random switching times for simulation number  119  :
                                   1  1.4418888E-02    2  1.2687804E-02    3  1.2475953E-02

                   493585.735 -677458.68 559211.677 -763521.13 .1070959E7 -765214.26
Times of maxima :     .014799    .015444    .013511    .029185    .015444    .017981
             Random switching times for simulation number  120  :
                                   1  1.4418953E-02    2  1.1167647E-02    3  1.2814085E-02

                   490269.355 -685896.95  480634.66 -763521.03 .1072568E7  -767562.4
Times of maxima :     .016203    .015441    .013842    .029185    .015445    .018019
             Random switching times for simulation number  121  :
                                   1  1.4082874E-02    2  1.1103766E-02    3  1.2949945E-02

                   505805.118 -749424.99 -452099.72 763520.678  .106749E7 -768223.32
Times of maxima :     .016106    .015108    .019393    .104185    .015111     .01804
             Random switching times for simulation number  122  :
                                   1  1.3611204E-02    2  1.3013461E-02    3  1.2929436E-02

                   475533.147  -772552.8 610332.175 -841397.38 .1048364E7 -767686.18
Times of maxima :     .015796    .014653    .013984    .014632    .014642    .018017
             Random switching times for simulation number  123  :
                                   1  1.2410717E-02    2  1.2972730E-02    3  1.1477604E-02

                   471931.575 -788714.78 760089.694 -937167.37 -763520.88 763521.197
Times of maxima :     .016661    .013361    .012533    .013433    .023629    .026407
             Random switching times for simulation number  124  :
                                   1  1.3368502E-02    2  1.3388674E-02    3  1.4278404E-02

                   463101.275 -721061.94 440819.292 763520.676 .1019672E7 763523.342
Times of maxima :      .01719    .014398    .044463    .104185    .014417    .026407
             Random switching times for simulation number  125  :
                                   1  1.1281090E-02    2  1.3286738E-02    3  1.4045653E-02

                   467155.144 -564586.13 440843.605 763520.662 835178.879 763521.019
Times of maxima :     .016845    .012342    .027796    .037518    .014573    .026407
             Random switching times for simulation number  126  :
                                   1  1.2753885E-02    2  1.3825295E-02    3  1.3987509E-02

                   591035.947 -780694.33 440865.501  763520.67 870411.365 -763520.73
Times of maxima :     .014996    .013811    .027797    .037518    .014856    .101407
             Random switching times for simulation number  127  :
                                   1  1.2616086E-02    2  1.3783074E-02    3  1.3640756E-02

                    582058.87 -769930.51 440866.943 -782677.11 856866.022 -768483.61
Times of maxima :     .014845    .013674    .027796    .014167    .014815    .018087
             Random switching times for simulation number  128  :
                                   1  1.4382323E-02    2  1.3285408E-02    3  1.3469316E-02

                    542192.48 -740669.26 -451655.57 763520.689 .1056302E7 -766155.06
Times of maxima :     .014762    .015408    .019616    .104185    .015408    .018116
             Random switching times for simulation number  129  :
                                   1  1.3082615E-02    2  1.4555541E-02    3  1.3024041E-02

                   634522.238 -701667.16 489224.807 -.105398E7 890449.397 -782543.57
Times of maxima :     .015678    .014143     .01347    .014104    .015587    .018159
             Random switching times for simulation number  130  :
                                   1  1.3633175E-02    2  1.4374562E-02    3  1.4497045E-02

                   703553.316 -847816.09 -456552.49 763520.684 982376.535 -767123.72
Times of maxima :     .015507    .014718    .018919    .104185    .015395     .01813
             Random switching times for simulation number  131  :
                                   1  1.2976471E-02    2  1.2737979E-02    3  1.2296599E-02

                   455782.172 -779604.05 711734.393   -948471. 930384.962 -764158.32
Times of maxima :     .017159     .01402    .013352    .013997    .014032     .01799
             Random switching times for simulation number  132  :
                                   1  1.3866434E-02    2  1.3489707E-02    3  1.3964966E-02

                   479578.566 -680920.19 -444932.04 -849809.39 .1069835E7 -763520.73
Times of maxima :     .014249    .014984    .019377     .01489    .014894    .101407
             Random switching times for simulation number  133  :
                                   1  1.2048948E-02    2  1.4879908E-02    3  1.3813616E-02

                   638820.448 -703864.85 -448236.12 763520.664 962992.828 -793115.68
Times of maxima :     .016061    .013107     .01928    .037518    .015905    .016038
             Random switching times for simulation number  134  :
                                   1  1.4644983E-02    2  1.4439158E-02    3  1.3105935E-02

                   512333.111 -625122.52 472651.122  -763521.4 .1137251E7 -777473.95
Times of maxima :     .015666    .015671    .014151    .029185    .015668      .0181
             Random switching times for simulation number  135  :
                                   1  1.3989326E-02    2  1.2046071E-02    3  1.3368525E-02

                   498502.423 -757056.91 495522.551  -766513.3  .105103E7  -766964.7
Times of maxima :     .016084     .01502    .014368    .015011    .015018    .018119
             Random switching times for simulation number  136  :
                                   1  1.2967736E-02    2  1.2060643E-02    3  1.4504929E-02

                   459836.432 -720588.24 440821.066 763520.673 922069.068 763524.664
Times of maxima :      .01713    .014025    .027797    .037518    .014013    .026407
             Random switching times for simulation number  137  :
                                   1  1.3020729E-02    2  1.2364553E-02    3  1.4411351E-02

                   461819.665 -728848.08  440821.64 763520.673 925317.411  763524.31
Times of maxima :      .01715    .014076    .027797    .037518    .014066    .026407
             Random switching times for simulation number  138  :
                                   1  1.1513522E-02    2  1.2032645E-02    3  1.3370492E-02

                   466155.469 -580647.32 -442439.18 -791180.89 766705.467 -768122.13
Times of maxima :     .016314    .012575    .019494    .014393     .01531    .018141
             Random switching times for simulation number  139  :
                                   1  1.1490024E-02    2  1.2766005E-02    3  1.2893522E-02

                   469370.255  -607717.4  545675.56 -893866.85 -763526.15 -767873.65
Times of maxima :     .016065     .01255    .013916    .013916    .023629     .01802
             Random switching times for simulation number  140  :
                                   1  1.3429426E-02    2  1.2321968E-02    3  1.1620991E-02

                   447092.218 -712092.54 744232.052 -837024.52 .1046773E7 763521.255
Times of maxima :     .017219    .014459    .012672    .014455    .014462    .026407
             Random switching times for simulation number  141  :
                                   1  1.5249999E-02    2  1.3517063E-02    3  1.2848256E-02

                   560854.356 -553691.97 462014.247 765788.116 980303.891 -768169.93
Times of maxima :      .01563    .016273    .013876    .020743    .016273    .017986
             Random switching times for simulation number  142  :
                                   1  1.3407488E-02    2  1.3408483E-02    3  1.4261384E-02

                   461666.898  -709080.5 440819.252 763520.677  .102689E7 763523.167
Times of maxima :     .017196    .014443    .044463    .104185    .014443    .026407
             Random switching times for simulation number  143  :
                                   1  1.2551040E-02    2  1.2242144E-02    3  1.2030086E-02

                   458866.955 -732176.11 718432.577   -.1024E7  830963.87 763521.849
Times of maxima :     .016873    .013721    .012933    .013573     .01377    .026407
             Random switching times for simulation number  144  :
                                   1  1.2939160E-02    2  1.3751245E-02    3  1.4637971E-02

                   591505.602 -791971.19 440837.566 763520.675 897149.904  -763643.6
Times of maxima :     .014824    .013997    .027797    .037518    .014773    .017609
             Random switching times for simulation number  145  :
                                   1  1.2953499E-02    2  1.2219675E-02    3  1.0655579E-02

                   453279.891 -696349.76  802977.25 -935868.74 955348.922 763520.699
Times of maxima :     .016888    .013985    .011712    .013978    .014009    .026407
             Random switching times for simulation number  146  :
                                   1  1.2508623E-02    2  1.2718721E-02    3  1.3387250E-02

                   480379.129 -719045.53 -442517.41 -866418.45 810521.062 -767474.49
Times of maxima :     .016497    .013742    .019606    .013916    .013782    .018135
             Random switching times for simulation number  147  :
                                   1  1.2785709E-02    2  1.2443414E-02    3  1.2745554E-02

                   441102.703 -654775.34 464659.224 -.110372E7 871042.557 -767009.26
Times of maxima :     .016825    .013814    .013177    .013807    .013884    .017994
             Random switching times for simulation number  148  :
                                   1  1.2618580E-02    2  1.3358019E-02    3  1.2373766E-02

                   457181.025 -730330.08 664484.653 -.108354E7 819932.133 -765507.13
Times of maxima :     .016937      .0137    .013001     .01364     .01432    .017903
             Random switching times for simulation number  149  :
                                   1  1.1384570E-02    2  1.3717838E-02    3  1.3820750E-02

                   526154.303 -586296.58 440859.565 763520.661 907292.937 -763775.43
Times of maxima :     .014923    .012445    .027796    .037518    .014771    .018132
             Random switching times for simulation number  150  :
                                   1  1.3889119E-02    2  1.2989969E-02    3  1.2487115E-02

                   489638.173 -756582.02  557713.12 763520.671 .1069595E7 -765441.83
Times of maxima :     .015905    .014914    .013522    .037518    .014917    .017986
             Random switching times for simulation number  151  :
                                   1  1.4024133E-02    2  1.2995019E-02    3  1.3995069E-02

                   467789.053 -704299.66 -448316.32 -825268.68 .1039039E7 -763520.73
Times of maxima :     .016155    .015051    .019403    .015046    .015052    .101407
             Random switching times for simulation number  152  :
                                   1  1.2207376E-02    2  1.3066527E-02    3  1.4950158E-02

                   457499.516 -725750.47 -445071.78 -763520.83 -763528.01 763525.976
Times of maxima :     .016516    .013266    .019461    .029185    .023629    .026407
             Random switching times for simulation number  153  :
                                   1  1.3128683E-02    2  1.2558505E-02    3  1.2788754E-02

                   -440868.88 -725321.12 609709.982 -994498.29  960033.74 -767265.84
Times of maxima :     .025021    .014292     .01351     .01415    .014171       .018
             Random switching times for simulation number  154  :
                                   1  1.3406675E-02    2  1.1508170E-02    3  1.3032143E-02

                   458751.508 -751533.73 584470.536 -937475.04 991214.406 -767976.07
Times of maxima :     .015754    .014492    .013787    .014428    .014439    .018056
             Random switching times for simulation number  155  :
                                   1  1.2654151E-02    2  1.4213319E-02    3  1.3604003E-02

                   538712.094 -773123.21 440854.837 -806970.03 889889.785 -777814.47
Times of maxima :     .015238    .013712    .027796     .01413    .015248    .018107
             Random switching times for simulation number  156  :
                                   1  1.5373441E-02    2  1.3459674E-02    3  1.4361438E-02

                   521099.324 -555929.83 -444300.15 766493.304 964682.452 763522.228
Times of maxima :     .015753    .016396    .018585    .020759    .016398    .026407
             Random switching times for simulation number  157  :
                                   1  1.2725703E-02    2  1.3844049E-02    3  1.2237916E-02

                    558330.47 -786841.47  735586.97 -.101931E7 818227.243 -771043.01
Times of maxima :     .015036    .013786    .013107    .013747    .014876    .017896
             Random switching times for simulation number  158  :
                                   1  1.2588158E-02    2  1.1339161E-02    3  1.3220399E-02

                   466414.652 -769495.02  -441252.6 -926150.64  849158.18 -768596.71
Times of maxima :     .016481    .013606    .019579    .013835    .013652    .018114
             Random switching times for simulation number  159  :
                                   1  1.1647670E-02    2  1.3921021E-02    3  1.3165376E-02

                   452273.752 -637678.53 498677.477 -839835.71 898328.349 -776685.07
Times of maxima :     .015121    .012707    .014193    .014188    .014961    .017982
             Random switching times for simulation number  160  :
                                   1  1.2414755E-02    2  1.1396359E-02    3  1.3612746E-02

                   475182.416 -658562.76 440843.861 763840.493   811122.3 -765419.86
Times of maxima :     .016591    .013474    .027795    .020857    .013577     .01821
             Random switching times for simulation number  161  :
                                   1  1.3360370E-02    2  1.0604803E-02    3  1.2596730E-02

                    475120.13 -785780.63 599168.326 -868491.13 994768.098 -766597.91
Times of maxima :     .015464    .014393    .013713    .014381    .014396     .01799
             Random switching times for simulation number  162  :
                                   1  1.3215173E-02    2  1.2949181E-02    3  1.1701722E-02

                   458927.829 -761172.45 735526.383 -847740.34 984938.715 763520.886
Times of maxima :     .017136    .014239    .012756     .01424    .014254    .026407
             Random switching times for simulation number  163  :
                                   1  1.2497235E-02    2  1.2358472E-02    3  1.2754664E-02

                   450642.072 -657221.36 470067.468 -.106093E7 794976.786 -767420.38
Times of maxima :     .016375    .013137    .013817    .013775    .013741    .017999
             Random switching times for simulation number  164  :
                                   1  1.3497014E-02    2  1.5067475E-02    3  1.2865100E-02

                   710356.829 -813501.71 668627.098 -869484.78 901133.476 -792717.94
Times of maxima :     .016093    .014547    .013884    .014519    .016099    .016121
             Random switching times for simulation number  165  :
                                   1  1.2349690E-02    2  1.2001923E-02    3  1.3741468E-02

                   477479.503 -669761.02 440844.895 763612.101 765666.079 -763520.73
Times of maxima :     .016642    .013406    .027795    .020862    .013685    .101407
             Random switching times for simulation number  166  :
                                   1  1.2880424E-02    2  1.1519448E-02    3  1.2986832E-02

                   441914.418 -666062.53 440819.774 -.105791E7 907741.061 -767968.34
Times of maxima :     .016638    .014009    .027796    .014007     .01392    .018051
             Random switching times for simulation number  167  :
                                   1  1.3358150E-02    2  1.3390588E-02    3  1.3763004E-02

                   459423.398 -704165.47 440830.487 -899023.26 .1017829E7 -763520.73
Times of maxima :     .017017    .014146    .027796    .014407    .014418    .101407
             Random switching times for simulation number  168  :
                                   1  1.2111778E-02    2  1.1858682E-02    3  1.3988290E-02

                   461874.409 -645216.57 440837.886 763520.665 764570.862 -763520.74
Times of maxima :     .016708    .013168    .027796    .037518      .0156    .101407
             Random switching times for simulation number  169  :
                                   1  1.1742628E-02    2  1.3184837E-02    3  1.2897115E-02

                   467732.244 -664721.58 546659.811 -891263.41 782439.686 -767676.81
Times of maxima :     .016207    .013275    .013921     .01392    .014697    .017984
             Random switching times for simulation number  170  :
                                   1  1.4875052E-02    2  1.3897010E-02    3  1.2475868E-02

                   603312.331  -629367.8 611827.354 -763522.01 .1028243E7 -769149.59
Times of maxima :     .015256      .0159    .013528    .029185    .015899    .017943
             Random switching times for simulation number  171  :
                                   1  1.1316273E-02    2  1.3654236E-02    3  1.2172288E-02

                   464882.536 -661069.71 691319.371 -.102012E7 843616.508 -766354.35
Times of maxima :     .014906    .012553    .013211    .013195    .014832    .017877
             Random switching times for simulation number  172  :
                                   1  1.2852064E-02    2  1.2892003E-02    3  1.3156714E-02

                   459021.502 -684150.55 440828.806 -.100393E7 894626.144 -767963.02
Times of maxima :      .01663    .013539    .027796    .013912    .013943    .018077
             Random switching times for simulation number  173  :
                                   1  1.1628637E-02    2  1.2739515E-02    3  1.2001002E-02

                   -440842.97 -648710.24 660581.966 -.110674E7 771956.713 763521.883
Times of maxima :     .025019    .012384    .013056    .013025    .015258    .026407
             Random switching times for simulation number  174  :
                                   1  1.3623892E-02    2  1.2049757E-02    3  1.1930372E-02

                   451105.456 -732571.93 638605.222 -790674.47  .105574E7  763521.73
Times of maxima :     .015673     .01465    .012972    .014649    .014652    .026407
             Random switching times for simulation number  175  :
                                   1  1.4484676E-02    2  1.2646624E-02    3  1.3846382E-02

                    512829.25 -707236.82 -448605.23 -763520.93  .105275E7 -763520.73
Times of maxima :     .014857    .015511    .019671    .029185    .015511    .101407
             Random switching times for simulation number  176  :
                                   1  1.1024458E-02    2  1.2966994E-02    3  1.3490743E-02

                   472325.552 -514157.64 -442362.08  -783541.7 787906.527  -765778.8
Times of maxima :      .01647    .013871    .019539    .014303    .014502    .018165
             Random switching times for simulation number  177  :
                                   1  1.3055417E-02    2  1.3554844E-02    3  1.2973757E-02

                   448078.671 -685216.79 522440.428 -.105489E7 916000.061 -770422.99
Times of maxima :     .017025     .01394     .01344    .014077    .014577    .017959
             Random switching times for simulation number  178  :
                                   1  1.3355648E-02    2  1.5325375E-02    3  1.3551340E-02

                   706049.613 -715570.73 -454036.74 -945395.09 941169.465 -884812.37
Times of maxima :     .016376    .014411    .019483    .014383    .016354     .01636
             Random switching times for simulation number  179  :
                                   1  1.2538262E-02    2  1.4720508E-02    3  1.2807402E-02

                   643393.723  -698974.6 507287.438  -.10534E7 951057.108 -779762.53
Times of maxima :     .015804     .01319    .013862    .013829     .01575     .01822
             Random switching times for simulation number  180  :
                                   1  1.4898307E-02    2  1.4875738E-02    3  1.1546301E-02

                   585504.007 -576521.36 753089.999 -763521.73 .1161722E7 -769685.29
Times of maxima :     .015928     .01592    .012602    .029185    .015922    .018353
             Random switching times for simulation number  181  :
                                   1  1.3325465E-02    2  1.2188835E-02    3  1.2923506E-02

                   446655.973 -740939.02 603818.899 -947309.79 996267.659 -767757.71
Times of maxima :     .015788    .014447    .013706    .014347     .01436    .018022
             Random switching times for simulation number  182  :
                                   1  1.3414621E-02    2  1.2254875E-02    3  1.2737406E-02

                   465682.661 -775107.79 646018.918 -878559.31 .1021451E7 -766889.23
Times of maxima :     .015608    .014461     .01379    .014436    .014448    .017994
             Random switching times for simulation number  183  :
                                   1  1.4040593E-02    2  1.2903286E-02    3  1.2751568E-02

                   501005.247 -758024.27 510163.246 763520.675 .1072451E7 -767002.87
Times of maxima :     .016072    .015066    .013785    .037518    .015068    .017995
             Random switching times for simulation number  184  :
                                   1  1.0799788E-02    2  1.4098656E-02    3  1.3635599E-02

                   529598.645 -582448.63 440855.886 763819.344 924642.782 -774224.62
Times of maxima :     .015135    .014016    .027796    .020865    .015128    .018095
             Random switching times for simulation number  185  :
                                   1  1.3477036E-02    2  1.2666862E-02    3  1.2995432E-02

                   459062.332 -752812.51  592917.63 -903384.05 .1018065E7 -768009.52
Times of maxima :     .015794    .014547    .013858    .014499     .01451    .018034
             Random switching times for simulation number  186  :
                                   1  1.2654276E-02    2  1.1930620E-02    3  1.2176620E-02

                   453039.134 -717880.26 701574.531 -.102173E7 876769.528 763521.886
Times of maxima :     .016955    .013831    .013036    .013676    .013801    .026407
             Random switching times for simulation number  187  :
                                   1  1.1141634E-02    2  1.3673825E-02    3  1.3707006E-02

                   528898.397 -632534.97 440859.615 763714.963 899490.634 -765192.41
Times of maxima :     .014882    .014058    .027796    .020867    .014723    .018121
             Random switching times for simulation number  188  :
                                   1  1.3082733E-02    2  1.2146023E-02    3  1.2062384E-02

                   458311.165 -776326.43 621943.142 -858724.71 982880.618  763521.88
Times of maxima :      .01713    .014116    .013102    .014105    .014122    .026407
             Random switching times for simulation number  189  :
                                   1  1.2429424E-02    2  1.3800909E-02    3  1.3048794E-02

                   460676.521 -819010.79 526551.046 -941828.84 832208.236 -775255.77
Times of maxima :     .014839    .013446    .014094     .01379     .01484    .017956
             Random switching times for simulation number  190  :
                                   1  1.3155413E-02    2  1.2925201E-02    3  1.2122428E-02

                   465664.875 -783598.16 675376.625 -852806.15 968529.678 763521.672
Times of maxima :     .015211    .014186    .013176    .014178    .014197    .026407
             Random switching times for simulation number  191  :
                                   1  1.1450668E-02    2  1.3716603E-02    3  1.3029690E-02

                   440823.027 -599745.49 520207.227  -873013.6  867704.83 -772901.68
Times of maxima :     .033352    .012511    .014052    .014053    .014763    .017947
             Random switching times for simulation number  192  :
                                   1  1.1030973E-02    2  1.2071728E-02    3  1.2337526E-02

                   -440855.57 -574480.67 625009.753 -983485.96 -763522.49 -763940.96
Times of maxima :     .025021    .012718    .013361    .013362    .023629    .017982
             Random switching times for simulation number  193  :
                                   1  1.3693435E-02    2  1.1699468E-02    3  1.4045404E-02

                   452736.954 -709102.46 -445958.51 -849427.21 .1008944E7 -763520.73
Times of maxima :     .015769    .014723    .019159    .014719    .014723    .101407
             Random switching times for simulation number  194  :
                                   1  1.2437570E-02    2  1.3913162E-02    3  1.2987592E-02

                   472084.424 -794562.07 527435.731 -964608.75 845155.293 -777697.87
Times of maxima :     .015008    .013369    .014036    .013748    .014967    .017948
             Random switching times for simulation number  195  :
                                   1  1.1880167E-02    2  1.1585150E-02    3  1.2731314E-02

                   464601.636 -694552.34 567018.102 -945363.31 768175.725 -767473.37
Times of maxima :     .015971    .013109    .013754     .01358    .015499    .017999
             Random switching times for simulation number  196  :
                                   1  1.3324909E-02    2  1.3451506E-02    3  1.1986937E-02

                   474654.761 -771582.74 696742.357 -824548.18 .1005142E7 763521.605
Times of maxima :     .015329     .01435    .013041     .01435    .014475    .026407
             Random switching times for simulation number  197  :
                                   1  1.3282687E-02    2  1.3345341E-02    3  1.4413544E-02

                   462663.987 -725181.51 440819.426 763520.676 .1001941E7 763525.031
Times of maxima :     .017214    .014338    .044463    .104185    .014373    .026407
             Random switching times for simulation number  198  :
                                   1  1.0759450E-02    2  1.2359381E-02    3  1.3775759E-02

                   460014.088 -538005.09 440842.087 763641.048  -763523.5 -763520.73
Times of maxima :     .016712    .014155    .027796    .020866    .023629    .101407
             Random switching times for simulation number  199  :
                                   1  1.5374536E-02    2  1.2951068E-02    3  1.1983778E-02

                    548689.49 -556963.56 697193.323 766741.298 959166.736 763521.601
Times of maxima :     .015753    .016397    .013038    .020754    .016398    .026407
             Random switching times for simulation number  200  :
                                   1  1.0716214E-02    2  1.4401339E-02    3  1.2978795E-02

                   595872.026 -582270.69 515792.965 -911850.77 920474.786 -782612.37
Times of maxima :     .015605    .014783     .01401    .014001    .015434    .018072
             Random switching times for simulation number  201  :
                                   1  1.3367926E-02    2  1.3874136E-02    3  1.4158044E-02

                   597104.554 -792716.96 440831.904 -774453.32 991538.342 -763520.73
Times of maxima :     .015087    .014257    .027798    .014522    .014898    .101407
             Random switching times for simulation number  202  :
                                   1  1.3777563E-02    2  1.4032892E-02    3  1.3228447E-02

                    499811.91 -727897.55 565973.001 -821131.28 .1066397E7 -775588.58
Times of maxima :     .015752     .01482    .014157    .014799    .015056     .01804
             Random switching times for simulation number  203  :
                                   1  1.2259491E-02    2  1.3945483E-02    3  1.2321986E-02

                   522699.382 -647402.98 541483.416 -.114604E7 856477.591 -773274.17
Times of maxima :     .015142    .013319    .013377    .013344    .015132    .017895
             Random switching times for simulation number  204  :
                                   1  1.3428342E-02    2  1.1138525E-02    3  1.3117407E-02

                   456418.338 -740781.09 554967.891 -944891.89  981536.85 -768398.65
Times of maxima :     .015645    .014525    .013808     .01445    .014462    .018073
             Random switching times for simulation number  205  :
                                   1  1.1082387E-02    2  1.3810827E-02    3  1.3953328E-02

                   549598.048 -567982.29 440859.743 763520.662 918666.403 -763520.73
Times of maxima :     .015014    .014191    .027796    .037518    .014848    .101407
             Random switching times for simulation number  206  :
                                   1  1.3441974E-02    2  1.3161634E-02    3  1.4588518E-02

                   449396.252 -735215.18 -444831.62  763520.68   .10152E7 763525.838
Times of maxima :     .017354    .014497    .019132    .104185    .014473    .026407
             Random switching times for simulation number  207  :
                                   1  1.3071729E-02    2  1.2368753E-02    3  1.3126197E-02

                   441579.966 -676937.63  440818.97 -.104394E7 936036.545 -768061.74
Times of maxima :      .01682    .014148    .027796    .014147    .014114    .018063
             Random switching times for simulation number  208  :
                                   1  1.2740700E-02    2  1.3643971E-02    3  1.2499308E-02

                   476076.165 -735043.47 650378.181 -.107101E7 831738.263 -769038.83
Times of maxima :     .014873    .013802    .013123    .013762    .014443    .017879
             Random switching times for simulation number  209  :
                                   1  1.3077821E-02    2  9.6716752E-03    3  1.2147493E-02

                   -616932.31 -782829.03 608997.169 -871247.96 970878.334 763521.867
Times of maxima :     .010724    .014107    .013431     .01385    .014116    .026407
             Random switching times for simulation number  210  :
                                   1  1.3716528E-02    2  1.4292294E-02    3  1.2221339E-02

                   643785.432 -844014.68  658712.25 763520.667 991552.592 -775015.97
Times of maxima :     .015498    .014675    .013275    .037518    .015314    .018068
             Random switching times for simulation number  211  :
                                   1  1.4100639E-02    2  1.3163268E-02    3  1.2862795E-02

                   504517.688 -757279.38 488866.521 763520.677 .1071834E7 -767502.63
Times of maxima :     .016136    .015126    .013895    .104185    .015128    .018006
             Random switching times for simulation number  212  :
                                   1  1.3175587E-02    2  1.2765827E-02    3  1.3530316E-02

                   454251.546 -697034.47 440829.466 -945079.03   958350.8  -765224.7
Times of maxima :     .016913    .013913    .027796    .014207    .014213    .018171
             Random switching times for simulation number  213  :
                                   1  1.3520348E-02    2  1.3051779E-02    3  1.2692958E-02

                   478274.294 -786669.93 577467.475 -829985.06 .1030211E7 -766695.03
Times of maxima :      .01562    .014555    .013879    .014391    .014551    .017991
             Random switching times for simulation number  214  :
                                   1  1.3121297E-02    2  1.1719113E-02    3  1.1721790E-02

                     457666.1 -764359.57 650764.733 -844761.23 .1003665E7 763521.164
Times of maxima :     .017089     .01415    .012754    .014146    .014153    .026407
             Random switching times for simulation number  215  :
                                   1  1.2714662E-02    2  1.2073077E-02    3  1.2773867E-02

                   443020.743 -646336.91 454597.174 -.110089E7 859526.325 -767070.86
Times of maxima :     .016573    .013796    .013794    .013794     .01384    .018002
             Random switching times for simulation number  216  :
                                   1  1.2730423E-02    2  1.2172356E-02    3  1.2214638E-02

                    454174.89 -731599.95 700739.322 -.100584E7 888385.292  763521.91
Times of maxima :     .016994    .013904    .013111    .013752    .013855    .026407
             Random switching times for simulation number  217  :
                                   1  1.3295426E-02    2  1.2720650E-02    3  1.3731297E-02

                   453606.831 -721570.53 440825.979 -902329.73 977483.328 -763520.73
Times of maxima :     .017043    .014115    .027797    .014327     .01433    .101407
             Random switching times for simulation number  218  :
                                   1  1.2808380E-02    2  1.3635896E-02    3  1.2041941E-02

                   530070.935 -829498.53 727512.506 -944863.18 829547.214 -766012.55
Times of maxima :     .014859    .013981    .013154    .013741    .014511    .017912
             Random switching times for simulation number  219  :
                                   1  1.2932464E-02    2  1.2274277E-02    3  1.4543344E-02

                   459559.301 -722766.52 440821.744 763520.673 907187.829 763524.952
Times of maxima :     .017112    .013989    .027797    .037518    .013988    .026407
             Random switching times for simulation number  220  :
                                   1  1.2498833E-02    2  1.1449590E-02    3  1.3919934E-02

                   471251.441 -670315.48 440845.454 763520.666 829939.995 -763520.73
Times of maxima :     .016794    .013558    .027796    .037518    .013625    .101407
             Random switching times for simulation number  221  :
                                   1  1.3294480E-02    2  1.2809342E-02    3  1.3860251E-02

                    457612.16  -756323.8 440826.063 -863065.29 979422.631 -763520.73
Times of maxima :     .017072    .014243    .027797    .014331    .014329    .101407
             Random switching times for simulation number  222  :
                                   1  1.3579016E-02    2  1.2101614E-02    3  1.2720804E-02

                   482820.004 -788764.94 570094.893 -810734.24 .1037898E7 -766688.61
Times of maxima :     .015675     .01461    .013937    .014418     .01461    .017994
             Random switching times for simulation number  223  :
                                   1  1.2050297E-02    2  1.3273590E-02    3  1.2801284E-02

                    464814.68 -781102.88  564765.14 -956444.04 764414.145 -767785.52
Times of maxima :      .01627    .013147    .013833    .013821    .014968    .017956
             Random switching times for simulation number  224  :
                                   1  1.2331522E-02    2  1.3650985E-02    3  1.4141332E-02

                   552140.266 -741012.93 440858.661 763520.668 847949.544 763522.078
Times of maxima :     .014833     .01339    .027796    .037518    .014706    .026407
             Random switching times for simulation number  225  :
                                   1  1.1130352E-02    2  1.0389497E-02    3  1.3226662E-02

                   458110.434 -536784.65 -442028.76  -831148.9 772294.904 -769692.73
Times of maxima :     .016327    .013586    .019514    .014248     .01524    .018091
             Random switching times for simulation number  226  :
                                   1  1.2777533E-02    2  1.1930902E-02    3  1.3218984E-02

                    462412.21 -713546.78 440830.936 -966718.24 883060.413  -767897.4
Times of maxima :     .016588    .013601    .027795    .013873    .013858    .018105
             Random switching times for simulation number  227  :
                                   1  1.1287912E-02    2  1.3791573E-02    3  1.2600241E-02

                   459730.314  -625063.7 620518.158 -947124.62 864075.202 -772668.34
Times of maxima :     .015275    .012982    .013634    .013624    .014852    .017869
             Random switching times for simulation number  228  :
                                   1  1.2671678E-02    2  1.2019910E-02    3  1.2768246E-02

                   444396.933 -640437.66 452824.542 -.109324E7 850508.875 -767043.55
Times of maxima :     .016492     .01379    .013789    .013789    .013812    .018003
             Random switching times for simulation number  229  :
                                   1  1.4076043E-02    2  1.5429515E-02    3  1.2343741E-02

                   744238.954 -736686.84 636917.023 763520.672 892361.616 -899445.86
Times of maxima :     .016459    .015111    .013397    .037518    .016456    .016479
             Random switching times for simulation number  230  :
                                   1  1.2912485E-02    2  1.2355939E-02    3  1.3445894E-02

                   466328.541 -752439.64 440838.696 -922733.59   901319.2 -766386.84
Times of maxima :     .016738    .013828    .027796       .014     .01397     .01816
             Random switching times for simulation number  231  :
                                   1  1.1823085E-02    2  1.1821108E-02    3  1.4358297E-02

                   442165.166 -629834.14 -441824.65 763520.665 767618.998 763522.455
Times of maxima :     .016856    .012883    .019324    .037518     .01544    .026407
             Random switching times for simulation number  232  :
                                   1  1.2901117E-02    2  1.3824896E-02    3  1.0687260E-02

                   538698.898 -762008.14 802733.139 -949618.39 843352.656 -770841.92
Times of maxima :     .015015    .013955    .011744    .013926     .01485    .017946
             Random switching times for simulation number  233  :
                                   1  1.4612823E-02    2  1.3529502E-02    3  1.1794768E-02

                   581725.976 -681268.08 723783.141 -763521.52 .1050632E7 763521.219
Times of maxima :     .014993     .01564    .012849    .029185    .015637    .026407
             Random switching times for simulation number  234  :
                                   1  1.2866050E-02    2  1.3127326E-02    3  1.2127681E-02

                   463948.899 -793700.03 760213.971 -946489.54 900657.015 763522.096
Times of maxima :      .01704     .01399    .013211    .013886    .014149    .026407
             Random switching times for simulation number  235  :
                                   1  1.2894815E-02    2  1.3665379E-02    3  1.4679840E-02

                   571060.193 -789598.07 440837.193 -763520.68  896140.39 -763887.38
Times of maxima :     .014787    .013952    .027797    .029185    .014686    .017569
             Random switching times for simulation number  236  :
                                   1  1.2100438E-02    2  1.3787496E-02    3  1.2040119E-02

                   494879.839 -619217.12 599309.774 -.115495E7 840192.971 -768254.25
Times of maxima :     .014987    .013167     .01308    .013123    .015073    .017892
             Random switching times for simulation number  237  :
                                   1  1.1328843E-02    2  1.3241336E-02    3  1.2444389E-02

                   440821.494 -651440.33 649040.318 -970184.92 793851.998 -765052.37
Times of maxima :     .033351    .012824    .013479    .013468    .014792    .017916
             Random switching times for simulation number  238  :
                                   1  1.4092592E-02    2  1.1779234E-02    3  1.2935045E-02

                   510548.959 -759087.11 468900.601 763520.678 .1063638E7 -767582.18
Times of maxima :     .016122    .015118    .013963    .104185    .015121    .018033
             Random switching times for simulation number  239  :
                                   1  1.3114698E-02    2  1.2276345E-02    3  1.3574891E-02

                   459465.817 -730101.31 440833.883 -921409.09 946456.678 -764695.41
Times of maxima :     .016893    .013957    .027796    .014152    .014154    .018188
             Random switching times for simulation number  240  :
                                   1  1.4148520E-02    2  1.1891498E-02    3  1.3831905E-02

                   491567.457 -715103.05 -449355.85 763520.686 .1042723E7 -763520.73
Times of maxima :     .014529    .015183    .019478    .104185    .015177    .101407
             Random switching times for simulation number  241  :
                                   1  1.4132997E-02    2  1.1865654E-02    3  1.2571070E-02

                    492504.79 -729057.52 549937.509 763520.675 .1066214E7 -765417.43
Times of maxima :     .016131    .015155    .013603    .037518    .015159    .017988
             Random switching times for simulation number  242  :
                                   1  1.2673103E-02    2  1.2631385E-02    3  1.2853591E-02

                   449107.642 -644014.59 -440878.37 -.106327E7  841672.59 -767799.28
Times of maxima :     .016502     .01372    .019525    .013874    .013819    .018013
             Random switching times for simulation number  243  :
                                   1  1.3054583E-02    2  1.3601748E-02    3  1.4487796E-02

                   534287.815 -782674.87 440833.548 763520.675 940835.428 763526.571
Times of maxima :      .01496    .013985    .027797    .037518    .014626    .026407
             Random switching times for simulation number  244  :
                                   1  1.2888011E-02    2  1.1430293E-02    3  1.2595343E-02

                   441959.265  -722671.4 660564.592 -.103754E7 921025.853 -765685.48
Times of maxima :     .017168    .014076     .01327     .01391    .013929       .018
             Random switching times for simulation number  245  :
                                   1  1.5030915E-02    2  1.4349156E-02    3  1.1441327E-02

                   679456.635 -627928.95 763537.838 763622.007 .1045146E7 -772649.69
Times of maxima :      .01541    .016056    .012497    .020769    .016053    .018107
             Random switching times for simulation number  246  :
                                   1  1.3848234E-02    2  1.3743269E-02    3  1.4114623E-02

                   455744.852 -648044.06 -443057.83  -827377.3 .1094186E7 763521.157
Times of maxima :     .015318    .014874    .019292    .014873    .014876    .026407
             Random switching times for simulation number  247  :
                                   1  1.4724464E-02    2  1.2020486E-02    3  1.2206396E-02

                   542213.038 -641849.76  604069.78 -763521.82 .1039403E7 763521.901
Times of maxima :     .015105    .015751    .013243    .029185     .01575    .026407
             Random switching times for simulation number  248  :
                                   1  1.3785477E-02    2  1.2684729E-02    3  1.3370198E-02

                      474857. -743258.86 518608.484  -845396.8 .1038557E7  -767125.9
Times of maxima :     .015936     .01483    .014165    .014807    .014815    .018113
             Random switching times for simulation number  249  :
                                   1  1.1878196E-02    2  1.1802992E-02    3  1.3160190E-02

                   476128.321 -629189.96 462339.764 -821882.92 767374.162 -768998.02
Times of maxima :       .0162    .012934    .014181    .014182    .015473    .018089
             Random switching times for simulation number  250  :
                                   1  1.3370883E-02    2  1.4335710E-02    3  1.3343166E-02

                   601236.531 -699696.11 -441754.56  -.10002E7 893906.448 -781419.62
Times of maxima :     .015518    .014434    .018934    .014392     .01536    .018103
             Random switching times for simulation number  251  :
                                   1  1.3467029E-02    2  1.4065010E-02    3  1.3550635E-02

                   557724.067 -753321.55 440822.458 -947433.32  970200.12 -775191.07
Times of maxima :     .015265    .014448    .027797    .014493    .015087    .018077
             Random switching times for simulation number  252  :
                                   1  1.2909367E-02    2  1.3107051E-02    3  1.2944364E-02

                   447462.441 -663408.97  440821.52 -.108043E7 910667.479  -767716.4
Times of maxima :     .016716    .013967    .027796    .013965    .014132    .018008
             Random switching times for simulation number  253  :
                                   1  1.2889387E-02    2  1.3807922E-02    3  1.2123275E-02

                   564026.621 -830533.71 717584.973 -935999.54 830284.032 -769153.44
Times of maxima :     .015006    .013954    .013235    .013823    .014832    .017903
             Random switching times for simulation number  254  :
                                   1  1.2864680E-02    2  1.1785089E-02    3  1.2446331E-02

                   446102.097 -726735.14 674090.307 -.101658E7 925506.917 -764346.29
Times of maxima :      .01713    .014042    .013246    .013886    .013917     .01799
             Random switching times for simulation number  255  :
                                   1  1.4124163E-02    2  1.2910714E-02    3  1.3148054E-02

                   510676.781 -761108.68 -452732.52  763520.68 .1062918E7  -767855.3
Times of maxima :     .016176    .015151    .019449    .104185    .015152    .018063
             Random switching times for simulation number  256  :
                                   1  1.4401262E-02    2  1.3489077E-02    3  1.2859660E-02

                   494955.784 -708176.85 473773.671 -763520.95 .1066927E7 -768095.48
Times of maxima :     .016397    .015424    .013919    .029185    .015427    .017989
             Random switching times for simulation number  257  :
                                   1  1.3098057E-02    2  1.3038099E-02    3  1.4321907E-02

                   464553.123 -716970.05  440824.27 763520.673 953548.425 763523.543
Times of maxima :     .017137    .014155    .027797    .037518     .01414    .026407
             Random switching times for simulation number  258  :
                                   1  1.2373872E-02    2  1.2171523E-02    3  1.4573713E-02

                   449151.352 -678313.49 -441660.46 -763520.74 765733.802 763524.737
Times of maxima :     .016861     .01343    .019414    .029185    .013706    .026407
             Random switching times for simulation number  259  :
                                   1  1.2802151E-02    2  1.2070459E-02    3  1.3143808E-02

                   458119.654 -688742.02 440827.702 -999294.95 882506.189 -768098.21
Times of maxima :     .016593    .013526    .027796    .013846    .013887    .018081
             Random switching times for simulation number  260  :
                                   1  1.2429679E-02    2  1.3720324E-02    3  1.3348230E-02

                   499770.661 -751931.32 477174.598 -852253.12 836914.879 -771740.72
Times of maxima :     .014745    .013488    .014368    .013973    .014759     .01802
             Random switching times for simulation number  261  :
                                   1  1.2473407E-02    2  1.3148515E-02    3  1.2571151E-02

                   448156.084 -677530.41 466620.486 -.111833E7 790184.721 -765582.29
Times of maxima :     .016621    .013531    .013599    .013593    .014171    .017948
             Random switching times for simulation number  262  :
                                   1  1.1866606E-02    2  1.1842474E-02    3  1.2471904E-02

                   451044.287 -727916.98 595025.389 -.103156E7 767448.889 -765231.45
Times of maxima :     .015949    .012853    .013499    .013493    .015461    .017977
             Random switching times for simulation number  263  :
                                   1  1.2474954E-02    2  1.3363746E-02    3  1.1772673E-02

                   472986.973  -794606.2 847315.095 -993634.53 765236.703 763522.243
Times of maxima :      .01681    .013709    .012831    .013495    .014178    .026407
             Random switching times for simulation number  264  :
                                   1  1.2736305E-02    2  1.3441041E-02    3  1.2316410E-02

                   467275.333 -785241.18 714762.949 -.103295E7 843660.771 -765931.22
Times of maxima :     .014868    .013798    .013118    .013758    .014435    .017896
             Random switching times for simulation number  265  :
                                   1  1.2341514E-02    2  1.2923175E-02    3  1.2769464E-02

                   464204.949 -749220.52 519026.234 -.102595E7 782398.401 -766885.55
Times of maxima :     .016317    .013152    .013807    .013791    .013951    .017989
             Random switching times for simulation number  266  :
                                   1  1.1922286E-02    2  1.2322485E-02    3  1.2714389E-02

                   463800.303 -719689.22 571431.996 -962423.29 765919.207  -767283.6
Times of maxima :     .016029    .013093    .013738     .01362    .015495     .01799
             Random switching times for simulation number  267  :
                                   1  1.2672474E-02    2  1.4630066E-02    3  1.2617810E-02

                   630322.688 -677306.52  520029.29 -.111544E7 936522.102 -778992.68
Times of maxima :     .015767    .013735    .013061    .013694    .015666     .01818
             Random switching times for simulation number  268  :
                                   1  1.4627551E-02    2  1.4652486E-02    3  1.1283885E-02

                   547825.603 -619187.52  777000.34 -763521.37 .1162678E7 -773405.69
Times of maxima :      .01593     .01567    .012339    .029185    .015675    .018235
             Random switching times for simulation number  269  :
                                   1  1.3122015E-02    2  1.3703557E-02    3  1.2799666E-02

                   495036.662 -752094.51 632122.159 -998740.81 925783.284 -773201.11
Times of maxima :      .01519    .014089    .013504    .014144    .014726    .017919
             Random switching times for simulation number  270  :
                                   1  1.3485497E-02    2  1.4177742E-02    3  1.2373778E-02

                   642187.294 -881783.96 631349.355 -793918.97  946340.36   -776332.
Times of maxima :     .015382    .014539    .013427    .014509    .015197    .018006
             Random switching times for simulation number  271  :
                                   1  1.4705912E-02    2  1.3487996E-02    3  1.1106466E-02

                   551585.545 -675298.89 788806.861  -763521.7 .1041644E7 -764813.38
Times of maxima :     .015085     .01573    .012162    .029185     .01573    .018044
             Random switching times for simulation number  272  :
                                   1  1.3235856E-02    2  1.2846159E-02    3  1.2691984E-02

                   447105.919 -756820.31 645845.426 -935641.69 988618.245 -766672.73
Times of maxima :     .015574    .014325    .013616    .014257    .014274     .01799
             Random switching times for simulation number  273  :
                                   1  1.3946385E-02    2  1.1825388E-02    3  1.4276726E-02

                   473906.763  -703794.6 -449725.09 -793994.15 .1027616E7 763521.953
Times of maxima :     .014327    .014975    .019285     .01497    .014975    .026407
             Random switching times for simulation number  274  :
                                   1  1.4209417E-02    2  1.1877149E-02    3  1.3689299E-02

                   501041.641 -730169.84 -450277.19 763520.687 .1050221E7 -764165.46
Times of maxima :     .016279    .015239    .019519    .104185    .015238    .018182
             Random switching times for simulation number  275  :
                                   1  1.1526193E-02    2  1.4376955E-02    3  1.3051950E-02

                   582135.554 -614779.45 521832.435 -865836.39 927952.678 -782911.73
Times of maxima :     .015578    .012586    .014079    .014074    .015405    .018065
             Random switching times for simulation number  276  :
                                   1  1.3112682E-02    2  1.4644036E-02    3  1.2041083E-02

                   650950.605 -837663.99  688317.29 -856072.04 899100.098 -777269.04
Times of maxima :      .01567    .014163    .013096    .014136    .015679    .018227
             Random switching times for simulation number  277  :
                                   1  1.4048292E-02    2  1.2549770E-02    3  1.3235718E-02

                   505617.888 -763649.52 460211.669 763520.679 .1059752E7 -767831.62
Times of maxima :     .016117    .015077    .014404    .104185    .015076    .018084
             Random switching times for simulation number  278  :
                                   1  1.2269270E-02    2  1.2150504E-02    3  1.0531640E-02

                   462047.154 -700643.46 802819.319 -954059.87 763520.714 763520.776
Times of maxima :     .016434      .0133    .011588    .013298    .115296    .026407
             Random switching times for simulation number  279  :
                                   1  1.1768382E-02    2  1.3124765E-02    3  1.1600878E-02

                   454918.439 -610993.39 669166.862 -.113023E7 779926.442 763521.807
Times of maxima :     .016663    .012835    .012152    .012791    .015026    .026407
             Random switching times for simulation number  280  :
                                   1  1.4969042E-02    2  1.4187882E-02    3  1.5417272E-02

                   686433.972  -649201.8 440859.052 -763521.95  .103042E7 -767434.15
Times of maxima :     .015327    .016001    .027798    .029185    .015991    .018022
             Random switching times for simulation number  281  :
                                   1  1.2825119E-02    2  1.3694009E-02    3  1.3054394E-02

                   471397.895 -695717.39 440837.228 -.102457E7 854871.081 -771418.55
Times of maxima :     .014874    .013883    .027796    .013866    .014527    .017963
             Random switching times for simulation number  282  :
                                   1  1.1529287E-02    2  1.3703605E-02    3  1.2850913E-02

                   440822.594 -633033.71  576996.56 -902453.63 864020.278 -773677.71
Times of maxima :     .033352     .01323    .013882    .013874    .014808    .017906
             Random switching times for simulation number  283  :
                                   1  1.2850013E-02    2  1.2985333E-02    3  1.2126393E-02

                   462528.505 -793669.68 785872.317 -952901.31 900447.759 763521.887
Times of maxima :     .017043    .014003    .013196     .01387    .014016    .026407
             Random switching times for simulation number  284  :
                                   1  1.2349922E-02    2  1.2583063E-02    3  1.2330822E-02

                    442495.63 -626189.19  525649.93 -.115114E7 763520.714  -763718.4
Times of maxima :     .016758    .013378    .013369    .013372    .115296    .017986
             Random switching times for simulation number  285  :
                                   1  1.1291423E-02    2  1.2172541E-02    3  1.3961288E-02

                   453668.203 -566731.78 440837.051 763520.661 765968.363 -763520.74
Times of maxima :      .01687    .012352    .027796    .037518    .015226    .101407
             Random switching times for simulation number  286  :
                                   1  1.2650183E-02    2  1.4897073E-02    3  1.2620511E-02

                   665322.099 -667534.78 497754.002 -.112222E7 967319.164 -773379.93
Times of maxima :     .015961    .013717    .013655    .013672    .015927    .018343
             Random switching times for simulation number  287  :
                                   1  1.1975686E-02    2  1.3126757E-02    3  1.3286414E-02

                   486556.123  -692964.8 480021.765 -801081.16 769495.282 -767131.17
Times of maxima :     .016376    .013034    .014309    .014308    .014821    .018101
             Random switching times for simulation number  288  :
                                   1  1.4015131E-02    2  1.1822136E-02    3  1.1417619E-02

                   523412.306 -727821.97 696798.112 763520.666 .1053142E7 763520.792
Times of maxima :     .014396    .015047    .012205    .037518    .015043    .026407
             Random switching times for simulation number  289  :
                                   1  1.2408897E-02    2  1.2738831E-02    3  1.4650932E-02

                   450279.292 -690706.33 -442320.92 -763520.78 790970.813 763525.424
Times of maxima :     .016806    .013466    .019427    .029185    .013787    .026407
             Random switching times for simulation number  290  :
                                   1  1.4212226E-02    2  1.2488851E-02    3  1.2294635E-02

                   476110.743   -697780.  588213.33 763520.675 .1076001E7 -763741.64
Times of maxima :     .014594    .015239    .013332    .037518    .015239    .017987
             Random switching times for simulation number  291  :
                                   1  1.4554859E-02    2  1.4304038E-02    3  1.3016956E-02

                   487879.711 -648229.45 494067.651 -763521.25 .1131783E7 -776738.29
Times of maxima :     .014937    .015582    .014063    .029185    .015578    .018048
             Random switching times for simulation number  292  :
                                   1  1.2583596E-02    2  1.3568357E-02    3  1.2345406E-02

                   461920.294 -723820.21 664702.672 -.108847E7 793676.341 -766614.67
Times of maxima :     .014797    .013646    .012966    .013605    .014287    .017885
             Random switching times for simulation number  293  :
                                   1  1.4294488E-02    2  1.2742632E-02    3  1.2362917E-02

                   483620.757 -686641.59 577693.186 -763520.82 .1077602E7 -764550.66
Times of maxima :     .014675    .015321    .013399    .029185    .015321    .017986
             Random switching times for simulation number  294  :
                                   1  1.3863557E-02    2  1.2182619E-02    3  1.3383591E-02

                    483994.01 -750338.43 508204.458 -818006.64 .1043389E7 -766940.53
Times of maxima :     .015986    .014901    .014243    .014885    .014893    .018119
             Random switching times for simulation number  295  :
                                   1  1.4046683E-02    2  1.3618894E-02    3  1.3601592E-02

                   529568.668 -716243.48 482138.888 -774900.77 .1092189E7 -766233.64
Times of maxima :     .014428    .015102    .014426    .015068    .015073    .018107
             Random switching times for simulation number  296  :
                                   1  1.1216304E-02    2  1.1886988E-02    3  1.3798444E-02

                    456255.29 -535922.26 440839.231 763577.226 -763520.99 -763520.73
Times of maxima :     .016734    .014179    .027796    .020867    .023629    .101407
             Random switching times for simulation number  297  :
                                   1  1.2271148E-02    2  1.3887922E-02    3  1.2459872E-02

                   491691.884 -646402.41 554394.027   -.1112E7 840943.651 -773147.68
Times of maxima :     .015103    .013331    .013515    .013481    .015081    .017878
             Random switching times for simulation number  298  :
                                   1  1.2399959E-02    2  1.2531469E-02    3  1.1540542E-02

                    469663.85 -783058.73 753718.966 -958974.14 765156.702 763521.115
Times of maxima :     .016672    .013432    .012596    .013243    .013706    .026407
             Random switching times for simulation number  299  :
                                   1  1.2763013E-02    2  1.2285961E-02    3  1.1947648E-02

                   464274.936 -772053.93 680255.529 -937805.63  885514.94 763521.752
Times of maxima :     .016933    .013809    .013121    .013646    .013867    .026407
             Random switching times for simulation number  300  :
                                   1  1.0943054E-02    2  1.2107520E-02    3  1.2389060E-02

                   -440848.83 -537515.74 613391.768 -978720.21 -763522.81 -764426.86
Times of maxima :     .025021    .012754    .013412    .013413    .023629    .017978

 MAIN20 dumps OVER12 dice seed  SEEDSV =   6.2844588000000000E+08

Statistical output of  node  voltage   0.4287E+06 |              X0003AX0003BX0003C

1 ) -------------------------------------------------------------------------------------------------------------------------------
Statistical distribution of peak voltage at node  "X0003A".   The base voltage for per unit printout is  V-base = 4.28660705E+05
  Interval             voltage         voltage  in     Frequency    Cumulative               Per cent
    number         in per unit      physical units     (density)     frequency     .GE. current value
        20           1.0000000      4.28660705E+05             0             0          100.000000
        21           1.0500000      4.50093740E+05            50            50           83.333333
        22           1.1000000      4.71526776E+05            93           143           52.333333
        23           1.1500000      4.92959811E+05            48           191           36.333333
        24           1.2000000      5.14392846E+05            28           219           27.000000
        25           1.2500000      5.35825881E+05            21           240           20.000000
        26           1.3000000      5.57258917E+05            13           253           15.666667
        27           1.3500000      5.78691952E+05            10           263           12.333333
        28           1.4000000      6.00124987E+05            10           273            9.000000
        29           1.4500000      6.21558022E+05             5           278            7.333333
        30           1.5000000      6.42991058E+05             6           284            5.333333
        31           1.5500000      6.64424093E+05             3           287            4.333333
        32           1.6000000      6.85857128E+05             2           289            3.666667
        33           1.6500000      7.07290163E+05             6           295            1.666667
        34           1.7000000      7.28723199E+05             2           297            1.000000
        35           1.7500000      7.50156234E+05             1           298             .666667
        36           1.8000000      7.71589269E+05             2           300             .000000
Summary of preceding table follows:       Grouped data     Ungrouped data
                                 Mean = 1.16500000E+00     1.16503266E+00
                             Variance = 2.41806020E-02     2.37319566E-02
                   Standard deviation = 1.55501132E-01     1.54051798E-01

2 ) -------------------------------------------------------------------------------------------------------------------------------
Statistical distribution of peak voltage at node  "X0003B".   The base voltage for per unit printout is  V-base = 4.28660705E+05
  Interval             voltage         voltage  in     Frequency    Cumulative               Per cent
    number         in per unit      physical units     (density)     frequency     .GE. current value
        23           1.1500000      4.92959811E+05             0             0          100.000000
        24           1.2000000      5.14392846E+05             1             1           99.666667
        25           1.2500000      5.35825881E+05             3             4           98.666667
        26           1.3000000      5.57258917E+05            10            14           95.333333
        27           1.3500000      5.78691952E+05             7            21           93.000000
        28           1.4000000      6.00124987E+05            10            31           89.666667
        29           1.4500000      6.21558022E+05             8            39           87.000000
        30           1.5000000      6.42991058E+05            21            60           80.000000
        31           1.5500000      6.64424093E+05            22            82           72.666667
        32           1.6000000      6.85857128E+05            25           107           64.333333
        33           1.6500000      7.07290163E+05            39           146           51.333333
        34           1.7000000      7.28723199E+05            43           189           37.000000
        35           1.7500000      7.50156234E+05            29           218           27.333333
        36           1.8000000      7.71589269E+05            30           248           17.333333
        37           1.8500000      7.93022304E+05            31           279            7.000000
        38           1.9000000      8.14455340E+05            13           292            2.666667
        39           1.9500000      8.35888375E+05             4           296            1.333333
        40           2.0000000      8.57321410E+05             3           299             .333333
        41           2.0500000      8.78754445E+05             0           299             .333333
        42           2.1000000      9.00187481E+05             1           300             .000000
Summary of preceding table follows:       Grouped data     Ungrouped data
                                 Mean = 1.63750000E+00     1.63693584E+00
                             Variance = 2.75773411E-02     2.73578754E-02
                   Standard deviation = 1.66064268E-01     1.65402163E-01

3 ) -------------------------------------------------------------------------------------------------------------------------------
Statistical distribution of peak voltage at node  "X0003C".   The base voltage for per unit printout is  V-base = 4.28660705E+05
  Interval             voltage         voltage  in     Frequency    Cumulative               Per cent
    number         in per unit      physical units     (density)     frequency     .GE. current value
        20           1.0000000      4.28660705E+05             0             0          100.000000
        21           1.0500000      4.50093740E+05           107           107           64.333333
        22           1.1000000      4.71526776E+05            29           136           54.666667
        23           1.1500000      4.92959811E+05            12           148           50.666667
        24           1.2000000      5.14392846E+05            10           158           47.333333
        25           1.2500000      5.35825881E+05            14           172           42.666667
        26           1.3000000      5.57258917E+05             7           179           40.333333
        27           1.3500000      5.78691952E+05            18           197           34.333333
        28           1.4000000      6.00124987E+05            11           208           30.666667
        29           1.4500000      6.21558022E+05            10           218           27.333333
        30           1.5000000      6.42991058E+05            14           232           22.666667
        31           1.5500000      6.64424093E+05            13           245           18.333333
        32           1.6000000      6.85857128E+05            11           256           14.666667
        33           1.6500000      7.07290163E+05            11           267           11.000000
        34           1.7000000      7.28723199E+05             9           276            8.000000
        35           1.7500000      7.50156234E+05             6           282            6.000000
        36           1.8000000      7.71589269E+05             6           288            4.000000
        37           1.8500000      7.93022304E+05             6           294            2.000000
        38           1.9000000      8.14455340E+05             4           298             .666667
        39           1.9500000      8.35888375E+05             1           299             .333333
        40           2.0000000      8.57321410E+05             1           300             .000000
Summary of preceding table follows:       Grouped data     Ungrouped data
                                 Mean = 1.26500000E+00     1.26697453E+00
                             Variance = 6.90133779E-02     6.85542212E-02
                   Standard deviation = 2.62703974E-01     2.61828610E-01

4 ) -------------------------------------------------------------------------------------------------------------------------------
  SUMMARY   SUMMARY   SUMMARY   SUMMARY   SUMMARY   SUMMARY   SUMMARY   SUMMARY   SUMMARY   SUMMARY   SUMMARY   SUMMARY   SUMMARY
4 ) -------------------------------------------------------------------------------------------------------------------------------
The following is a distribution of peak overvoltages among all output nodes of the last data card that have the same base voltage.
This distribution is for the maximum of the peaks at all output nodes with  V-base = 4.28660705E+05
  Interval             voltage         voltage  in     Frequency    Cumulative               Per cent
    number         in per unit      physical units     (density)     frequency     .GE. current value
        23           1.1500000      4.92959811E+05             0             0          100.000000
        24           1.2000000      5.14392846E+05             1             1           99.666667
        25           1.2500000      5.35825881E+05             2             3           99.000000
        26           1.3000000      5.57258917E+05             5             8           97.333333
        27           1.3500000      5.78691952E+05             6            14           95.333333
        28           1.4000000      6.00124987E+05             9            23           92.333333
        29           1.4500000      6.21558022E+05             7            30           90.000000
        30           1.5000000      6.42991058E+05            20            50           83.333333
        31           1.5500000      6.64424093E+05            22            72           76.000000
        32           1.6000000      6.85857128E+05            22            94           68.666667
        33           1.6500000      7.07290163E+05            42           136           54.666667
        34           1.7000000      7.28723199E+05            43           179           40.333333
        35           1.7500000      7.50156234E+05            32           211           29.666667
        36           1.8000000      7.71589269E+05            30           241           19.666667
        37           1.8500000      7.93022304E+05            33           274            8.666667
        38           1.9000000      8.14455340E+05            16           290            3.333333
        39           1.9500000      8.35888375E+05             5           295            1.666667
        40           2.0000000      8.57321410E+05             4           299             .333333
        41           2.0500000      8.78754445E+05             0           299             .333333
        42           2.1000000      9.00187481E+05             1           300             .000000
Summary of preceding table follows:       Grouped data     Ungrouped data
                                 Mean = 1.65516667E+00     1.65500545E+00
                             Variance = 2.51989688E-02     2.52674187E-02
                   Standard deviation = 1.58741831E-01     1.58957286E-01

Statistical output of branch voltage   0.4287E+06 |-1            X0003BX0003CX0003AX0003BX0003CX0003A

5 ) -------------------------------------------------------------------------------------------------------------------------------
Statistical distribution of peak voltage  for branch  "X0003B"  to  "X0003C".   Base voltage  for per unit output = 4.28660705E+05
  Interval             voltage         voltage  in     Frequency    Cumulative               Per cent
    number         in per unit      physical units     (density)     frequency     .GE. current value
        35           1.7500000      7.50156234E+05             0             0          100.000000
        36           1.8000000      7.71589269E+05           103           103           65.666667
        37           1.8500000      7.93022304E+05            11           114           62.000000
        38           1.9000000      8.14455340E+05             9           123           59.000000
        39           1.9500000      8.35888375E+05            16           139           53.666667
        40           2.0000000      8.57321410E+05            12           151           49.666667
        41           2.0500000      8.78754445E+05            13           164           45.333333
        42           2.1000000      9.00187481E+05             9           173           42.333333
        43           2.1500000      9.21620516E+05             6           179           40.333333
        44           2.2000000      9.43053551E+05            15           194           35.333333
        45           2.2500000      9.64486586E+05            24           218           27.333333
        46           2.3000000      9.85919622E+05            12           230           23.333333
        47           2.3500000      1.00735266E+06            12           242           19.333333
        48           2.4000000      1.02878569E+06            13           255           15.000000
        49           2.4500000      1.05021873E+06             8           263           12.333333
        50           2.5000000      1.07165176E+06            10           273            9.000000
        51           2.5500000      1.09308480E+06             5           278            7.333333
        52           2.6000000      1.11451783E+06             9           287            4.333333
        53           2.6500000      1.13595087E+06             8           295            1.666667
        54           2.7000000      1.15738390E+06             3           298             .666667
        55           2.7500000      1.17881694E+06             2           300             .000000
Summary of preceding table follows:       Grouped data     Ungrouped data
                                 Mean = 2.06183333E+00     2.06365709E+00
                             Variance = 8.05033166E-02     7.92555280E-02
                   Standard deviation = 2.83731064E-01     2.81523583E-01

6 ) -------------------------------------------------------------------------------------------------------------------------------
Statistical distribution of peak voltage  for branch  "X0003A"  to  "X0003B".   Base voltage  for per unit output = 4.28660705E+05
  Interval             voltage         voltage  in     Frequency    Cumulative               Per cent
    number         in per unit      physical units     (density)     frequency     .GE. current value
        35           1.7500000      7.50156234E+05             0             0          100.000000
        36           1.8000000      7.71589269E+05            49            49           83.666667
        37           1.8500000      7.93022304E+05            16            65           78.333333
        38           1.9000000      8.14455340E+05             7            72           76.000000
        39           1.9500000      8.35888375E+05            14            86           71.333333
        40           2.0000000      8.57321410E+05            18           104           65.333333
        41           2.0500000      8.78754445E+05            16           120           60.000000
        42           2.1000000      9.00187481E+05            24           144           52.000000
        43           2.1500000      9.21620516E+05            18           162           46.000000
        44           2.2000000      9.43053551E+05            15           177           41.000000
        45           2.2500000      9.64486586E+05            15           192           36.000000
        46           2.3000000      9.85919622E+05            14           206           31.333333
        47           2.3500000      1.00735266E+06            15           221           26.333333
        48           2.4000000      1.02878569E+06            10           231           23.000000
        49           2.4500000      1.05021873E+06            22           253           15.666667
        50           2.5000000      1.07165176E+06            32           285            5.000000
        51           2.5500000      1.09308480E+06             7           292            2.666667
        52           2.6000000      1.11451783E+06             3           295            1.666667
        53           2.6500000      1.13595087E+06             2           297            1.000000
        54           2.7000000      1.15738390E+06             1           298             .666667
        55           2.7500000      1.17881694E+06             2           300             .000000
Summary of preceding table follows:       Grouped data     Ungrouped data
                                 Mean = 2.13350000E+00     2.13498208E+00
                             Variance = 6.66248328E-02     6.54091919E-02
                   Standard deviation = 2.58117866E-01     2.55752208E-01

7 ) -------------------------------------------------------------------------------------------------------------------------------
Statistical distribution of peak voltage  for branch  "X0003C"  to  "X0003A".   Base voltage  for per unit output = 4.28660705E+05
  Interval             voltage         voltage  in     Frequency    Cumulative               Per cent
    number         in per unit      physical units     (density)     frequency     .GE. current value
        35           1.7500000      7.50156234E+05             0             0          100.000000
        36           1.8000000      7.71589269E+05           249           249           17.000000
        37           1.8500000      7.93022304E+05            43           292            2.666667
        38           1.9000000      8.14455340E+05             1           293            2.333333
        39           1.9500000      8.35888375E+05             0           293            2.333333
        40           2.0000000      8.57321410E+05             1           294            2.000000
        41           2.0500000      8.78754445E+05             0           294            2.000000
        42           2.1000000      9.00187481E+05             2           296            1.333333
        43           2.1500000      9.21620516E+05             1           297            1.000000
        44           2.2000000      9.43053551E+05             1           298             .666667
        45           2.2500000      9.64486586E+05             0           298             .666667
        46           2.3000000      9.85919622E+05             0           298             .666667
        47           2.3500000      1.00735266E+06             2           300             .000000
Summary of preceding table follows:       Grouped data     Ungrouped data
                                 Mean = 1.79133333E+00     1.79852059E+00
                             Variance = 3.82931996E-03     3.47353874E-03
                   Standard deviation = 6.18814993E-02     5.89367351E-02

8 ) -------------------------------------------------------------------------------------------------------------------------------
  SUMMARY   SUMMARY   SUMMARY   SUMMARY   SUMMARY   SUMMARY   SUMMARY   SUMMARY   SUMMARY   SUMMARY   SUMMARY   SUMMARY   SUMMARY
8 ) -------------------------------------------------------------------------------------------------------------------------------
A distribution of peak values among all output branches of the last data card that have the same base value follows.  This
statistical distribution is for the maximum of the peaks at all of these output branches having base  voltage  = 4.28660705E+05
  Interval             voltage         voltage  in     Frequency    Cumulative               Per cent
    number         in per unit      physical units     (density)     frequency     .GE. current value
        35           1.7500000      7.50156234E+05             0             0          100.000000
        36           1.8000000      7.71589269E+05            13            13           95.666667
        37           1.8500000      7.93022304E+05             6            19           93.666667
        38           1.9000000      8.14455340E+05             3            22           92.666667
        39           1.9500000      8.35888375E+05             9            31           89.666667
        40           2.0000000      8.57321410E+05             4            35           88.333333
        41           2.0500000      8.78754445E+05             7            42           86.000000
        42           2.1000000      9.00187481E+05            15            57           81.000000
        43           2.1500000      9.21620516E+05            10            67           77.666667
        44           2.2000000      9.43053551E+05            16            83           72.333333
        45           2.2500000      9.64486586E+05            28           111           63.000000
        46           2.3000000      9.85919622E+05            24           135           55.000000
        47           2.3500000      1.00735266E+06            28           163           45.666667
        48           2.4000000      1.02878569E+06            23           186           38.000000
        49           2.4500000      1.05021873E+06            30           216           28.000000
        50           2.5000000      1.07165176E+06            42           258           14.000000
        51           2.5500000      1.09308480E+06            12           270           10.000000
        52           2.6000000      1.11451783E+06            12           282            6.000000
        53           2.6500000      1.13595087E+06            10           292            2.666667
        54           2.7000000      1.15738390E+06             4           296            1.333333
        55           2.7500000      1.17881694E+06             4           300             .000000
Summary of preceding table follows:       Grouped data     Ungrouped data
                                 Mean = 2.29533333E+00     2.29688416E+00
                             Variance = 4.99530658E-02     4.86470239E-02
                   Standard deviation = 2.23501825E-01     2.20560704E-01

Blank card ends statistical tabulation requests.  |BLANK STATISTICS

                                      Sample curve symbols : "A", "B", and "C"
                                      Theoretical curve symbol : "*"
                                      Common curve symbol : "X"

        Switch  "X0001B"  to  "X0002B"            Switch  "X0001A"  to  "X0002A"            Switch  "X0001C"  to  "X0002C"
1.32420000E+00   switchings per column          1.32420000E+00   switchings per column     1.32420000E+00   switchings per column
              Columns                                     Columns                                     Columns
          5   10   15   20   25   30                5   10   15   20   25   30                5   10   15   20   25   30
     +----+----+----+----+----+----+           +----+----+----+----+----+----+           +----+----+----+----+----+----+
    X                                         X                                         X
    X                                         X                                         X
    X                                         *B                                        X
    X                                         X                                         X
    |X                                        |*B                                       C*
    | *A                                      |B*                                       | *C
    |   *  A                                  |   X                                     | C *
    |       *   A                             |    B  *                                 |   C   *
    |         A *                             |           *    B                        |           X
    |            A    *                       |                 *    B                  |                 * C
    |                       * A               |                      B*                 |                       *   C
    |                           *   A         |                           * B           |                           *C
    |  1.3000E-02                 *    A      |  1.3000E-02               B *           |  1.3000E-02                 *       C
    |                       A   *             |                       B   *             |                         C *
    |              A        *                 |                       *      B          |                     C *
    |                 *A                      |            B    *                       |                C*
    |           X                             |           * B                           |           *C
    |       X                                 |   B   *                                 |       X
    |   *A                                    |   X                                     | C *
    | *A                                      | X                                       |C*
    A*                                        |X                                        C*
    X                                         * B                                       *C
    X                                         X                                         X
    X                                         X                                         X
    X                                         X                                         X
   Time (scale = 3.33333333E-04  Sec/line)   Time (scale = 3.33333333E-04  Sec/line)   Time  (scale = 3.33333333E-04  Sec/line)
 .... Questionable Kolmogorov-Smirnov test result = 3.32644827E-01
 .... Questionable Kolmogorov-Smirnov test result = 6.43925204E-01
 .... Questionable Kolmogorov-Smirnov test result = 5.54556933E-01

Actual List Sizes for the preceding solution follow.       11-Nov-18  11.00.00
   Size  1-10:    13     9    12     3    48     3    15  1054     0     0
   Size 11-20:     0     6 -9999 -9999 -9999     0     0     0    23   813
   Size 21-30:     9    45  5459     0 -9999     9 -9999 -9999 -9999     0
Seconds for overlays  1-5  :     0.000     0.000     0.000  -- (CP: Wait; Real)
Seconds for overlays  6-11 :     0.000     0.000     0.000
Seconds for overlays 12-15 :     0.000     0.000     0.000
Seconds for time-step loop :     0.000     0.000     0.000
Seconds after DELTAT-loop  :     0.000     0.000     0.000
                               ---------------------------
                   Totals  :     0.000     0.000     0.000

